,goals,squad,shots_on_target,position,shots_on_target_per90,games_subs,goals_assists_pens_per90,minutes,goals_pens_per90,age,cards_per90,fouls_per90,cards_yellow,goals_per90,minutes_per_game,fouls,games_starts,assists,nationality,pens_att,goals_assists_per90,cards_red,pens_made,games,player
0,0,Newcastle United,0,GK,0.00,0,0.00,"3,420",0.00,26,0.00,0.00,0,0.00,90,0,38,0,ie IRL,0,0.00,0,0,38,Shay Given
1,1,Aston Villa,5,"DF,MF",0.13,0,0.05,"3,420",0.03,24,0.03,0.45,1,0.03,90,17,38,1,se SWE,0,0.05,0,0,38,Olof Mellberg
2,0,Bolton Wanderers,0,GK,0.00,0,0.00,"3,420",0.00,27,0.05,0.00,2,0.00,90,0,38,0,fi FIN,0,0.00,0,0,38,Jussi Jääskeläinen
3,0,Leeds United,0,GK,0.00,0,0.00,"3,420",0.00,22,0.00,0.00,0,0.00,90,0,38,0,eng ENG,0,0.00,0,0,38,Paul Robinson
4,0,Tottenham Hotspur,0,GK,0.00,0,0.00,"3,420",0.00,32,0.11,0.00,4,0.00,90,0,38,0,us USA,0,0.00,0,0,38,Kasey Keller
5,0,West Ham United,0,GK,0.00,0,0.00,"3,420",0.00,31,0.00,0.00,0,0.00,90,0,38,0,eng ENG,0,0.00,0,0,38,David James
6,0,Middlesbrough,0,GK,0.00,0,0.00,"3,420",0.00,29,0.03,0.00,1,0.00,90,0,38,0,au AUS,0,0.00,0,0,38,Mark Schwarzer
7,14,Manchester City,57,FW,1.52,0,0.53,"3,381",0.35,23,0.00,0.77,0,0.37,89,29,38,7,fr FRA,1,0.56,0,1,38,Nicolas Anelka
8,2,Middlesbrough,7,MF,0.19,0,0.08,"3,375",0.05,23,0.16,1.55,6,0.05,89,58,38,1,eng ENG,0,0.08,0,0,38,Jonathan Greening
9,0,Charlton Athletic,0,GK,0.00,0,0.00,"3,362",0.00,31,0.05,0.00,1,0.00,89,0,38,0,ie IRL,0,0.00,1,0,38,Dean Kiely
10,0,Blackburn Rovers,0,GK,0.00,0,0.00,"3,330",0.00,31,0.00,0.00,0,0.00,90,0,37,0,us USA,0,0.00,0,0,37,Brad Friedel
11,6,Chelsea,33,MF,0.90,1,0.22,"3,307",0.16,24,0.08,1.01,3,0.16,87,37,37,2,eng ENG,0,0.22,0,0,38,Frank Lampard
12,24,Arsenal,84,FW,2.29,0,1.09,"3,301",0.55,24,0.25,1.58,9,0.65,89,58,37,20,fr FRA,5,1.20,0,4,37,Thierry Henry
13,0,West Bromwich Albion,0,GK,0.00,0,0.00,"3,275",0.00,29,0.03,0.00,0,0.00,89,0,37,0,eng ENG,0,0.00,1,0,37,Russell Hoult
14,4,Chelsea,9,DF,0.25,2,0.11,"3,241",0.11,24,0.14,0.50,5,0.11,85,18,36,0,fr FRA,0,0.11,0,0,38,William Gallas
15,0,Chelsea,0,GK,0.00,0,0.00,"3,240",0.00,28,0.00,0.00,0,0.00,90,0,36,0,it ITA,0,0.00,0,0,36,Carlo Cudicini
16,2,Middlesbrough,3,DF,0.08,0,0.08,"3,224",0.06,31,0.08,1.23,3,0.06,90,44,36,1,eng ENG,0,0.08,0,0,36,Gareth Southgate
17,8,West Ham United,23,MF,0.65,2,0.28,"3,205",0.20,29,0.06,1.21,2,0.22,84,43,36,3,eng ENG,1,0.31,0,1,38,Trevor Sinclair
18,4,West Ham United,26,MF,0.73,0,0.22,"3,202",0.11,20,0.28,1.71,10,0.11,89,61,36,4,eng ENG,0,0.22,0,0,36,Joe Cole
19,23,Southampton,50,FW,1.41,3,0.56,"3,198",0.51,24,0.08,2.11,3,0.65,84,75,35,2,eng ENG,5,0.70,0,5,38,James Beattie
20,1,West Bromwich Albion,2,DF,0.06,0,0.03,"3,187",0.03,28,0.28,2.29,10,0.03,89,81,36,0,eng ENG,0,0.03,0,0,36,Sean Gregan
21,0,Charlton Athletic,1,DF,0.03,2,0.00,"3,179",0.00,32,0.06,0.57,2,0.00,86,20,35,0,eng ENG,0,0.00,0,0,37,Chris Powell
22,7,Liverpool,26,MF,0.74,0,0.28,"3,170",0.14,25,0.20,0.88,7,0.20,88,31,36,5,eng ENG,2,0.34,0,2,36,Danny Murphy
23,3,Liverpool,9,DF,0.26,0,0.11,"3,154",0.09,28,0.06,0.66,1,0.09,88,23,36,1,fi FIN,0,0.11,1,0,36,Sami Hyypiä
24,3,West Bromwich Albion,11,DF,0.31,2,0.14,"3,149",0.09,23,0.11,0.74,4,0.09,88,26,34,2,eng ENG,0,0.14,0,0,36,Neil Clement
25,1,Newcastle United,4,DF,0.11,0,0.06,"3,139",0.03,22,0.03,0.66,1,0.03,90,23,35,1,nir NIR,0,0.06,0,0,35,Aaron Hughes
26,10,Charlton Athletic,35,"MF,FW",1.01,1,0.23,"3,116",0.20,25,0.17,1.70,6,0.29,87,59,35,1,jm JAM,4,0.32,0,3,36,Jason Euell
27,9,Manchester City,18,MF,0.52,0,0.32,"3,107",0.26,27,0.20,2.14,7,0.26,89,74,35,2,cm CMR,0,0.32,0,0,35,Marc-Vivien Foé
28,17,Newcastle United,42,FW,1.23,0,0.59,"3,066",0.44,31,0.23,2.08,8,0.50,88,71,35,5,eng ENG,3,0.65,0,2,35,Alan Shearer
29,7,Bolton Wanderers,32,"FW,MF",0.94,0,0.38,"3,062",0.21,34,0.12,1.73,4,0.21,85,59,36,6,fr FRA,0,0.38,0,0,36,Youri Djorkaeff
30,0,Manchester City,1,DF,0.03,0,0.06,"3,060",0.00,24,0.15,1.38,5,0.00,90,47,34,2,fr FRA,0,0.06,0,0,34,Sylvain Distin
31,1,Birmingham City,2,DF,0.06,1,0.03,"3,059",0.03,31,0.03,0.38,1,0.03,83,13,36,0,ie IRL,0,0.03,0,0,37,Jeff Kenna
32,0,Aston Villa,6,"DF,MF",0.18,5,0.06,"3,054",0.00,21,0.06,0.56,2,0.00,80,19,33,2,tt TRI,0,0.06,0,0,38,Jlloyd Samuel
33,1,Southampton,8,DF,0.24,0,0.12,"3,050",0.03,21,0.18,0.83,6,0.03,90,28,34,3,eng ENG,0,0.12,0,0,34,Wayne Bridge
34,3,Aston Villa,14,MF,0.41,0,0.27,"3,038",0.09,21,0.33,2.01,11,0.09,87,68,35,6,eng ENG,0,0.27,0,0,35,Gareth Barry
35,0,Arsenal,8,"DF,MF",0.24,3,0.03,"3,017",0.00,25,0.00,1.58,0,0.00,86,53,32,1,br BRA,0,0.03,0,0,35,Gilberto Silva
36,2,Southampton,9,DF,0.27,1,0.12,"3,016",0.06,26,0.15,1.70,4,0.06,89,57,33,2,se SWE,0,0.12,1,0,34,Michael Svensson
37,0,Liverpool,0,"DF,MF",0.00,1,0.03,"3,011",0.00,24,0.09,0.90,3,0.00,86,30,34,1,eng ENG,0,0.03,0,0,35,Jamie Carragher
38,5,Tottenham Hotspur,14,MF,0.42,3,0.27,"2,993",0.15,22,0.21,1.23,6,0.15,83,41,33,4,wal WAL,0,0.27,1,0,36,Simon Davies
39,0,Blackburn Rovers,4,DF,0.12,0,0.06,"2,993",0.00,24,0.30,1.65,9,0.00,88,55,34,2,au AUS,0,0.06,1,0,34,Lucas Neill
40,0,Everton,4,DF,0.12,1,0.03,"2,983",0.00,30,0.15,1.33,4,0.00,85,44,34,1,eng ENG,0,0.03,1,0,35,Alan Stubbs
41,12,Tottenham Hotspur,30,FW,0.91,2,0.39,"2,973",0.27,36,0.06,1.18,2,0.36,83,39,34,4,eng ENG,3,0.48,0,3,36,Teddy Sheringham
42,3,Southampton,38,MF,1.15,2,0.18,"2,972",0.09,22,0.09,1.03,3,0.09,80,34,35,3,fr FRA,0,0.18,0,0,37,Fabrice Fernandes
43,0,Everton,0,GK,0.00,0,0.00,"2,970",0.00,24,0.03,0.00,1,0.00,90,0,33,0,eng ENG,0,0.00,0,0,33,Richard Wright
44,6,Fulham,33,MF,1.00,2,0.15,"2,969",0.09,22,0.06,1.15,2,0.18,83,38,34,2,fr FRA,3,0.24,0,3,36,Steed Malbranque
45,7,Middlesbrough,23,"MF,DF",0.70,0,0.36,"2,968",0.21,23,0.06,1.18,2,0.21,90,39,33,5,cm CMR,0,0.36,0,0,33,Geremi
46,2,Newcastle United,15,MF,0.46,2,0.18,"2,948",0.06,23,0.03,1.31,1,0.06,84,43,33,4,eng ENG,0,0.18,0,0,35,Kieron Dyer
47,2,Arsenal,5,"DF,FW",0.15,0,0.09,"2,930",0.06,27,0.15,1.08,3,0.06,89,35,33,1,eng ENG,0,0.09,2,0,33,Sol Campbell
48,0,Aston Villa,0,GK,0.00,0,0.00,"2,926",0.00,25,0.06,0.00,1,0.00,89,0,33,0,fi FIN,0,0.00,1,0,33,Peter Enckelman
49,1,Manchester United,7,DF,0.22,0,0.25,"2,921",0.03,24,0.06,1.17,2,0.03,86,38,34,7,fr FRA,0,0.25,0,0,34,Mikaël Silvestre
50,0,Southampton,0,DF,0.00,0,0.00,"2,907",0.00,29,0.00,0.80,0,0.00,88,26,33,0,no NOR,0,0.00,0,0,33,Claus Lundekvam
51,25,Manchester United,59,FW,1.83,1,0.56,"2,907",0.50,26,0.15,1.76,5,0.77,86,57,33,2,nl NED,9,0.84,0,9,34,Ruud van Nistelrooy
52,6,Charlton Athletic,24,MF,0.74,3,0.37,"2,902",0.19,25,0.03,0.68,1,0.19,83,22,32,6,dk DEN,0,0.37,0,0,35,Claus Jensen
53,6,Liverpool,18,"DF,MF",0.56,6,0.40,"2,899",0.19,21,0.03,0.59,1,0.19,78,19,31,7,no NOR,0,0.40,0,0,37,John Arne Riise
54,4,Birmingham City,6,MF,0.19,0,0.25,"2,898",0.09,27,0.28,1.77,9,0.12,88,57,33,5,wal WAL,1,0.28,0,1,33,Robbie Savage
55,4,Fulham,16,MF,0.50,2,0.22,"2,890",0.12,28,0.09,1.34,3,0.12,83,43,33,3,fr FRA,0,0.22,0,0,35,Sylvain Legwinski
56,0,Fulham,3,DF,0.09,0,0.06,"2,880",0.00,26,0.19,0.75,6,0.00,90,24,32,2,ie IRL,0,0.06,0,0,32,Steve Finnan
57,7,Blackburn Rovers,31,FW,0.97,2,0.44,"2,875",0.22,30,0.19,1.57,6,0.22,85,50,32,7,eng ENG,0,0.44,0,0,34,Andy Cole
58,5,Liverpool,21,MF,0.66,2,0.34,"2,871",0.16,22,0.16,0.88,4,0.16,84,28,32,6,eng ENG,0,0.34,1,0,34,Steven Gerrard
59,2,Bolton Wanderers,9,MF,0.28,0,0.16,"2,855",0.06,32,0.19,1.89,6,0.06,84,60,34,3,dk DEN,0,0.16,0,0,34,Per Frandsen
60,1,Manchester City,4,DF,0.13,1,0.06,"2,855",0.03,27,0.22,1.17,6,0.03,87,37,32,1,dk DEN,0,0.06,1,0,33,Niclas Jensen
61,8,Manchester United,29,"MF,FW",0.92,4,0.66,"2,852",0.25,28,0.00,0.85,0,0.25,79,27,32,13,wal WAL,0,0.66,0,0,36,Ryan Giggs
62,19,Liverpool,58,FW,1.84,3,0.73,"2,836",0.54,22,0.00,0.54,0,0.60,81,17,32,6,eng ENG,4,0.79,0,2,35,Michael Owen
63,0,Chelsea,7,DF,0.22,3,0.03,"2,829",0.00,25,0.13,1.11,4,0.00,83,35,31,1,nl NED,0,0.03,0,0,34,Mario Melchiot
64,1,Blackburn Rovers,5,MF,0.16,5,0.10,"2,820",0.03,31,0.22,1.28,6,0.03,76,40,32,2,tr TUR,0,0.10,1,0,37,Tugay Kerimoğlu
65,1,Leeds United,3,DF,0.10,1,0.06,"2,816",0.03,25,0.19,1.25,6,0.03,85,39,32,1,eng ENG,0,0.06,0,0,33,Danny Mills
66,8,West Ham United,42,FW,1.34,9,0.45,"2,812",0.26,19,0.10,1.57,3,0.26,74,49,29,6,eng ENG,0,0.45,0,0,38,Jermain Defoe
67,2,Blackburn Rovers,8,MF,0.26,0,0.06,"2,805",0.06,29,0.16,2.82,4,0.06,85,88,33,0,eng ENG,0,0.06,1,0,33,Garry Flitcroft
68,1,Sunderland,8,"DF,MF",0.26,0,0.10,"2,791",0.03,27,0.10,1.39,3,0.03,87,43,32,2,eng ENG,0,0.10,0,0,32,Michael Gray
69,0,Bolton Wanderers,3,DF,0.10,0,0.00,"2,790",0.00,37,0.13,1.32,4,0.00,90,41,31,0,is ISL,0,0.00,0,0,31,Guðni Bergsson
70,5,Everton,9,DF,0.29,1,0.03,"2,776",0.03,28,0.19,1.46,5,0.16,84,45,32,0,eng ENG,4,0.16,1,4,33,David Unsworth
71,0,Birmingham City,2,DF,0.07,0,0.00,"2,763",0.00,31,0.03,0.49,1,0.00,89,15,31,0,ie IRL,0,0.00,0,0,31,Kenny Cunningham
72,0,West Ham United,1,DF,0.03,0,0.00,"2,755",0.00,28,0.39,1.40,11,0.00,86,43,32,0,"cs TCH,cz CZE",0,0.00,1,0,32,Tomáš Řepka
73,6,Sunderland,31,FW,1.02,0,0.33,"2,748",0.16,29,0.10,1.15,3,0.20,86,35,32,5,eng ENG,2,0.36,0,1,32,Kevin Phillips
74,0,Tottenham Hotspur,4,DF,0.13,4,0.07,"2,747",0.00,29,0.23,0.85,7,0.00,79,26,31,2,rs SRB,0,0.07,0,0,35,Goran Bunjevčević
75,3,Leeds United,20,"MF,FW",0.66,0,0.26,"2,743",0.10,21,0.43,2.99,11,0.10,83,91,33,5,eng ENG,1,0.26,2,0,33,Alan Smith
76,14,Manchester United,31,MF,1.02,2,0.56,"2,741",0.46,27,0.13,1.44,4,0.46,83,44,31,3,eng ENG,0,0.56,0,0,33,Paul Scholes
77,10,Everton,27,FW,0.89,5,0.46,"2,734",0.33,32,0.10,2.47,3,0.33,76,75,31,4,eng ENG,0,0.46,0,0,36,Kevin Campbell
78,2,Bolton Wanderers,8,"MF,DF",0.26,1,0.10,"2,724",0.07,23,0.20,0.66,5,0.07,85,20,31,1,jm JAM,0,0.10,1,0,32,Ricardo Gardner
79,3,West Bromwich Albion,34,FW,1.13,1,0.13,"2,717",0.10,24,0.17,2.02,4,0.10,85,61,31,1,gd GRN,0,0.13,1,0,32,Jason Roberts
80,1,Everton,16,MF,0.53,3,0.30,"2,715",0.03,26,0.36,2.22,11,0.03,82,67,30,8,dk DEN,0,0.30,0,0,33,Thomas Gravesen
81,1,West Bromwich Albion,15,MF,0.50,2,0.03,"2,705",0.03,28,0.20,1.66,5,0.03,85,50,30,0,wal WAL,0,0.03,1,0,32,Andy Johnson
82,14,Leeds United,47,"MF,FW",1.56,0,0.77,"2,703",0.47,23,0.10,2.03,3,0.47,87,61,31,9,au AUS,0,0.77,0,0,31,Harry Kewell
83,1,Arsenal,3,DF,0.10,1,0.20,"2,703",0.03,21,0.17,0.73,5,0.03,87,22,30,5,eng ENG,0,0.20,0,0,31,Ashley Cole
84,0,Liverpool,0,GK,0.00,0,0.00,"2,700",0.00,29,0.00,0.00,0,0.00,90,0,30,0,pl POL,0,0.00,0,0,30,Jerzy Dudek
85,14,Chelsea,42,FW,1.40,8,0.70,"2,695",0.47,36,0.00,0.40,0,0.47,71,12,30,7,it ITA,0,0.70,0,0,38,Gianfranco Zola
86,2,Chelsea,2,"MF,DF",0.07,1,0.07,"2,694",0.07,33,0.20,1.50,6,0.07,87,45,30,0,fr FRA,0,0.07,0,0,31,Marcel Desailly
87,3,Blackburn Rovers,4,DF,0.13,4,0.10,"2,691",0.10,22,0.03,1.30,1,0.10,82,39,29,0,eng ENG,0,0.10,0,0,33,Martin Taylor
88,0,Liverpool,1,DF,0.03,2,0.00,"2,674",0.00,22,0.13,0.64,4,0.00,84,19,30,0,ml MLI,0,0.00,0,0,32,Djimi Traoré
89,3,Middlesbrough,4,DF,0.13,1,0.10,"2,674",0.10,29,0.17,1.41,5,0.10,84,42,31,0,eng ENG,0,0.10,0,0,32,Ugo Ehiogu
90,0,Tottenham Hotspur,6,DF,0.20,0,0.07,"2,655",0.00,25,0.10,1.39,3,0.00,89,41,30,2,ie IRL,0,0.07,0,0,30,Stephen Carr
91,1,Sunderland,9,"DF,MF",0.31,0,0.14,"2,643",0.03,25,0.20,1.46,6,0.03,88,43,30,3,ie IRL,0,0.14,0,0,30,Kevin Kilbane
92,1,Leeds United,10,MF,0.34,3,0.07,"2,643",0.03,24,0.34,2.25,10,0.03,78,66,31,1,no NOR,0,0.07,0,0,34,Eirik Bakke
93,2,Charlton Athletic,3,DF,0.10,1,0.07,"2,641",0.07,27,0.24,1.94,7,0.07,88,57,29,0,eng ENG,0,0.07,0,0,30,Richard Rufus
94,1,Southampton,9,MF,0.31,0,0.17,"2,637",0.03,33,0.27,2.39,8,0.03,88,70,30,4,eng ENG,0,0.17,0,0,30,Chris Marsden
95,0,Manchester City,0,GK,0.00,0,0.00,"2,610",0.00,38,0.03,0.00,1,0.00,90,0,29,0,dk DEN,0,0.00,0,0,29,Peter Schmeichel
96,9,Manchester United,32,FW,1.11,8,0.55,"2,601",0.31,29,0.14,1.38,4,0.31,70,40,29,7,no NOR,0,0.55,0,0,37,Ole Gunnar Solskjær
97,2,Bolton Wanderers,3,"DF,MF",0.10,3,0.07,"2,600",0.07,28,0.45,1.63,12,0.07,84,47,28,0,es ESP,0,0.07,1,0,31,Iván Campo
98,1,Middlesbrough,2,DF,0.07,2,0.21,"2,597",0.03,23,0.35,1.84,7,0.03,84,53,29,5,fr FRA,0,0.21,3,0,31,Franck Queudrue
99,20,Leeds United,41,FW,1.43,4,0.70,"2,588",0.59,26,0.21,1.32,6,0.70,78,38,29,3,au AUS,3,0.80,0,3,33,Mark Viduka
100,0,Charlton Athletic,1,DF,0.03,3,0.00,"2,574",0.00,23,0.14,0.77,4,0.00,80,22,29,0,eng ENG,0,0.00,0,0,32,Luke Young
101,2,Liverpool,9,MF,0.32,1,0.18,"2,547",0.07,28,0.25,1.52,7,0.07,85,43,29,3,de GER,0,0.18,0,0,30,Dietmar Hamann
102,0,Manchester United,0,GK,0.00,0,0.00,"2,541",0.00,31,0.04,0.00,1,0.00,85,0,30,0,fr FRA,0,0.00,0,0,30,Fabien Barthez
103,0,Everton,1,DF,0.04,4,0.04,"2,536",0.00,32,0.28,1.31,6,0.00,77,37,29,1,sco SCO,0,0.04,2,0,33,David Weir
104,1,West Ham United,13,MF,0.46,2,0.11,"2,533",0.04,21,0.14,0.82,4,0.04,84,23,28,2,eng ENG,0,0.11,0,0,30,Michael Carrick
105,14,Tottenham Hotspur,36,FW,1.28,3,0.57,"2,527",0.50,22,0.04,1.18,1,0.50,79,33,29,2,ie IRL,0,0.57,0,0,32,Robbie Keane
106,7,Bolton Wanderers,23,FW,0.82,2,0.29,"2,525",0.25,27,0.04,1.10,1,0.25,77,31,31,1,dk DEN,0,0.29,0,0,33,Henrik Pedersen
107,0,Arsenal,0,GK,0.00,0,0.00,"2,520",0.00,38,0.00,0.00,0,0.00,90,0,28,0,eng ENG,0,0.00,0,0,28,David Seaman
108,6,Manchester United,28,MF,1.00,4,0.54,"2,516",0.21,27,0.18,1.43,5,0.21,81,40,27,9,eng ENG,0,0.54,0,0,31,David Beckham
109,0,Southampton,6,MF,0.22,3,0.07,"2,508",0.00,24,0.07,1.69,2,0.00,81,47,28,2,eng ENG,0,0.07,0,0,31,Matt Oakley
110,8,Aston Villa,35,"FW,MF",1.26,5,0.40,"2,504",0.25,22,0.07,2.08,2,0.29,76,58,28,4,eng ENG,1,0.43,0,1,33,Darius Vassell
111,3,Fulham,20,MF,0.72,0,0.22,"2,489",0.11,22,0.11,1.23,3,0.11,89,34,28,3,eng ENG,0,0.22,0,0,28,Sean Davis
112,0,Fulham,1,DF,0.04,0,0.00,"2,482",0.00,29,0.11,0.98,2,0.00,86,27,29,0,fr FRA,0,0.00,1,0,29,Alain Goma
113,1,Sunderland,11,MF,0.40,1,0.07,"2,467",0.04,24,0.36,2.59,10,0.04,82,71,29,1,eng ENG,1,0.07,0,0,30,Gavin McCann
114,2,West Bromwich Albion,6,DF,0.22,0,0.11,"2,462",0.07,28,0.07,1.28,2,0.07,85,35,29,1,jm JAM,0,0.11,0,0,29,Darren Moore
115,4,Charlton Athletic,14,MF,0.51,0,0.26,"2,454",0.15,21,0.37,1.94,10,0.15,88,53,28,3,eng ENG,0,0.26,0,0,28,Scott Parker
116,0,Middlesbrough,4,MF,0.15,0,0.00,"2,448",0.00,26,0.22,2.32,6,0.00,87,63,28,0,nl NED,0,0.00,0,0,28,George Boateng
117,0,Manchester United,2,DF,0.07,1,0.07,"2,437",0.00,23,0.11,0.66,3,0.00,87,18,27,2,eng ENG,0,0.07,0,0,28,Rio Ferdinand
118,0,Birmingham City,0,GK,0.00,0,0.00,"2,423",0.00,32,0.00,0.00,0,0.00,90,0,27,0,be BEL,0,0.00,0,0,27,Nico Vaesen
119,1,Birmingham City,6,MF,0.22,2,0.07,"2,408",0.04,23,0.22,1.27,6,0.04,80,34,28,1,nir NIR,0,0.07,0,0,30,Damien Johnson
120,0,Southampton,4,"MF,DF",0.15,6,0.00,"2,388",0.00,30,0.11,0.68,3,0.00,75,18,26,0,sco SCO,0,0.00,0,0,32,Paul Telfer
121,12,Chelsea,35,FW,1.32,9,0.57,"2,382",0.34,30,0.15,1.78,4,0.45,66,47,27,6,nl NED,3,0.68,0,3,36,Jimmy Floyd Hasselbaink
122,0,Bolton Wanderers,1,DF,0.04,4,0.08,"2,370",0.00,30,0.08,0.76,2,0.00,77,20,27,2,eng ENG,0,0.08,0,0,31,Simon Charlton
123,10,Arsenal,33,"FW,MF",1.26,7,0.57,"2,362",0.38,28,0.04,0.50,1,0.38,70,13,27,5,fr FRA,0,0.57,0,0,34,Sylvain Wiltord
124,4,West Bromwich Albion,20,MF,0.76,5,0.34,"2,358",0.15,22,0.15,1.30,4,0.15,74,34,27,5,wal WAL,0,0.34,0,0,32,Jason Koumas
125,2,West Bromwich Albion,8,MF,0.31,1,0.08,"2,354",0.08,31,0.23,0.99,5,0.08,81,26,28,0,sco SCO,0,0.08,1,0,29,Derek McInnes
126,7,Bolton Wanderers,25,MF,0.96,5,0.38,"2,353",0.23,28,0.00,0.92,0,0.27,76,24,26,4,ng NGA,2,0.42,0,1,31,Jay-Jay Okocha
127,5,Fulham,25,"MF,FW",0.96,0,0.27,"2,349",0.15,28,0.11,2.38,2,0.19,84,62,28,3,fr FRA,2,0.31,1,1,28,Steve Marlet
128,2,West Ham United,10,DF,0.39,4,0.12,"2,333",0.08,28,0.12,1.04,2,0.08,78,27,26,1,eng ENG,0,0.12,1,0,30,Ian Pearce
129,8,Blackburn Rovers,20,"FW,MF",0.77,8,0.43,"2,325",0.27,30,0.04,1.39,1,0.31,71,36,25,4,tt TRI,1,0.46,0,1,33,Dwight Yorke
130,2,West Bromwich Albion,4,"MF,DF",0.15,1,0.04,"2,323",0.04,32,0.00,0.54,0,0.08,83,14,27,0,sk SVK,1,0.08,0,1,28,Igor Bališ
131,1,Sunderland,1,DF,0.04,0,0.04,"2,314",0.04,31,0.04,0.86,1,0.04,89,22,26,0,ie IRL,0,0.04,0,0,26,Phil Babb
132,12,Everton,37,FW,1.44,3,0.55,"2,309",0.47,28,0.00,1.21,0,0.47,77,31,27,2,ca CAN,0,0.55,0,0,30,Tomasz Radzinski
133,2,Arsenal,4,DF,0.16,1,0.12,"2,300",0.08,25,0.23,1.37,6,0.08,85,35,26,1,cm CMR,0,0.12,0,0,27,Lauren
134,7,Newcastle United,12,MF,0.47,2,0.47,"2,295",0.24,27,0.04,1.22,1,0.27,74,31,29,6,pe PER,1,0.51,0,1,31,Nolberto Solano
135,0,Manchester United,8,"MF,DF",0.31,6,0.04,"2,287",0.00,21,0.00,0.91,0,0.00,72,23,26,1,ie IRL,0,0.04,0,0,32,John O'Shea
136,1,Blackburn Rovers,3,DF,0.12,1,0.08,"2,287",0.04,34,0.08,1.61,2,0.04,85,41,26,1,eng ENG,0,0.08,0,0,27,Craig Short
137,2,Tottenham Hotspur,7,DF,0.28,0,0.08,"2,275",0.08,28,0.20,1.11,5,0.08,88,28,26,0,eng ENG,0,0.08,0,0,26,Dean Richards
138,6,Newcastle United,16,MF,0.63,9,0.32,"2,273",0.24,19,0.04,0.59,1,0.24,71,15,23,2,eng ENG,0,0.32,0,0,32,Jermaine Jenas
139,0,West Ham United,7,MF,0.28,2,0.04,"2,255",0.00,28,0.16,0.72,3,0.00,78,18,27,1,nir NIR,0,0.04,1,0,29,Steve Lomas
140,9,Blackburn Rovers,26,"MF,FW",1.04,0,0.60,"2,252",0.36,23,0.12,0.76,3,0.36,87,19,26,6,ie IRL,0,0.60,0,0,26,Damien Duff
141,1,Sunderland,6,"MF,DF",0.24,0,0.04,"2,250",0.04,27,0.08,1.80,2,0.04,90,45,25,0,eng ENG,0,0.04,0,0,25,Jody Craddock
142,0,Fulham,0,"DF,MF",0.00,2,0.00,"2,248",0.00,33,0.24,1.36,6,0.00,87,34,24,0,wal WAL,0,0.00,0,0,26,Andy Melville
143,0,Southampton,0,GK,0.00,0,0.00,"2,246",0.00,30,0.00,0.00,0,0.00,90,0,25,0,fi FIN,0,0.00,0,0,25,Antti Niemi
144,0,Newcastle United,0,DF,0.00,0,0.00,"2,237",0.00,23,0.04,1.53,1,0.00,86,38,26,0,ie IRL,0,0.00,0,0,26,Andy O'Brien
145,2,Manchester City,3,DF,0.12,3,0.16,"2,225",0.08,24,0.24,1.21,5,0.08,80,30,25,2,cn CHN,0,0.16,1,0,28,Sun Jihai
146,0,Tottenham Hotspur,1,"DF,MF",0.04,0,0.04,"2,224",0.00,21,0.04,0.45,1,0.00,89,11,25,1,eng ENG,0,0.04,0,0,25,Ledley King
147,2,Southampton,16,MF,0.65,7,0.16,"2,220",0.08,26,0.12,1.14,3,0.08,67,28,26,2,se SWE,0,0.16,0,0,33,Anders Svensson
148,2,Charlton Athletic,7,"DF,MF",0.29,7,0.12,"2,206",0.08,28,0.12,1.47,3,0.08,65,36,27,1,bg BUL,0,0.12,0,0,34,Radostin Kishishev
149,3,Leeds United,12,DF,0.49,3,0.25,"2,204",0.08,24,0.12,1.27,3,0.12,82,31,24,4,ie IRL,1,0.29,0,1,27,Ian Harte
150,8,Blackburn Rovers,23,MF,0.94,2,0.41,"2,195",0.16,22,0.04,1.48,1,0.33,78,36,26,6,eng ENG,5,0.57,0,4,28,David Dunn
151,9,Middlesbrough,22,FW,0.90,8,0.58,"2,191",0.29,22,0.12,1.36,3,0.37,64,33,26,7,it ITA,2,0.66,0,2,34,Massimo Maccarone
152,2,Fulham,10,"FW,MF",0.41,4,0.16,"2,187",0.08,24,0.37,2.63,9,0.08,75,64,25,2,pt POR,0,0.16,0,0,29,Luís Boa Morte
153,0,Leeds United,1,DF,0.04,1,0.12,"2,186",0.00,28,0.04,0.70,1,0.00,87,17,24,3,ie IRL,0,0.12,0,0,25,Gary Kelly
154,4,Charlton Athletic,20,FW,0.82,8,0.41,"2,183",0.16,23,0.12,1.48,3,0.16,68,36,24,6,jm JAM,0,0.41,0,0,32,Kevin Lisbie
155,0,Sunderland,2,DF,0.08,1,0.00,"2,182",0.00,22,0.33,1.15,8,0.00,84,28,25,0,eng ENG,0,0.00,0,0,26,Stephen Wright
156,2,Chelsea,10,DF,0.41,1,0.37,"2,180",0.08,33,0.17,0.99,4,0.08,78,24,27,7,eng ENG,0,0.37,0,0,28,Graeme Le Saux
157,1,Manchester City,7,MF,0.29,0,0.29,"2,162",0.04,30,0.08,0.50,2,0.04,80,12,27,6,il ISR,0,0.29,0,0,27,Eyal Berkovic
158,1,Charlton Athletic,2,DF,0.08,2,0.04,"2,153",0.04,21,0.13,1.55,3,0.04,90,37,22,0,eng ENG,0,0.04,0,0,24,Jonathan Fortune
159,2,Newcastle United,4,DF,0.17,6,0.08,"2,152",0.08,22,0.21,1.30,5,0.08,72,31,24,0,fr FRA,0,0.08,0,0,30,Olivier Bernard
160,4,Charlton Athletic,11,FW,0.46,6,0.21,"2,150",0.17,29,0.13,1.88,3,0.17,69,45,25,1,za RSA,0,0.21,0,0,31,Shaun Bartlett
161,0,West Bromwich Albion,1,DF,0.04,6,0.00,"2,139",0.00,29,0.17,1.26,4,0.00,74,30,23,0,is ISL,0,0.00,0,0,29,Lárus Sigurðsson
162,1,Manchester City,14,"FW,MF",0.59,8,0.13,"2,129",0.04,20,0.21,1.27,3,0.04,69,30,23,2,eng ENG,0,0.13,2,0,31,Shaun Wright-Phillips
163,0,West Bromwich Albion,8,"DF,MF",0.34,4,0.09,"2,116",0.00,24,0.09,1.62,2,0.00,78,38,23,2,eng ENG,0,0.09,0,0,27,Ronnie Wallwork
164,1,Everton,11,"MF,DF",0.47,4,0.13,"2,100",0.04,23,0.13,1.24,2,0.04,75,29,24,2,sco SCO,0,0.13,1,0,28,Gary Naysmith
165,0,West Ham United,3,DF,0.13,3,0.04,"2,086",0.00,28,0.13,1.81,3,0.00,80,42,23,1,sco SCO,0,0.04,0,0,26,Christian Dailly
166,0,Aston Villa,3,"DF,MF",0.13,4,0.13,"2,084",0.00,33,0.30,0.99,6,0.00,80,23,22,3,ie IRL,0,0.13,1,0,26,Steve Staunton
167,5,Newcastle United,27,"FW,MF",1.17,2,0.56,"2,082",0.22,27,0.17,0.99,3,0.22,77,23,25,8,fr FRA,0,0.56,1,0,27,Laurent Robert
168,3,Arsenal,13,MF,0.56,0,0.22,"2,081",0.13,26,0.30,1.90,6,0.13,87,44,24,2,fr FRA,0,0.22,1,0,24,Patrick Vieira
169,6,Birmingham City,17,FW,0.74,4,0.43,"2,078",0.26,23,0.22,1.82,5,0.26,74,42,24,4,ie IRL,0,0.43,0,0,28,Clinton Morrison
170,3,Manchester City,6,MF,0.26,12,0.61,"2,059",0.13,33,0.22,1.88,4,0.13,62,43,21,11,dz ALG,0,0.61,1,0,33,Ali Benarbia
171,0,Manchester City,1,DF,0.04,1,0.00,"2,058",0.00,22,0.22,1.22,5,0.00,82,28,24,0,ie IRL,0,0.00,0,0,25,Richard Dunne
172,1,Chelsea,4,"DF,MF",0.18,1,0.13,"2,056",0.04,31,0.26,1.18,6,0.04,86,27,23,2,fr FRA,0,0.13,0,0,24,Emmanuel Petit
173,2,Aston Villa,15,MF,0.66,2,0.18,"2,053",0.09,20,0.13,1.40,3,0.09,79,32,24,2,de GER,0,0.18,0,0,26,Thomas Hitzlsperger
174,6,Liverpool,15,FW,0.66,10,0.44,"2,053",0.26,24,0.13,1.84,3,0.26,64,42,22,4,eng ENG,0,0.44,0,0,32,Emile Heskey
175,0,Everton,2,DF,0.09,1,0.00,"2,051",0.00,21,0.18,0.79,4,0.00,86,18,23,0,eng ENG,0,0.00,0,0,24,Tony Hibbert
176,0,Manchester City,8,MF,0.35,8,0.09,"2,049",0.00,29,0.18,1.58,4,0.00,68,36,22,2,nir NIR,0,0.09,0,0,30,Kevin Horlock
177,0,Aston Villa,2,DF,0.09,1,0.00,"2,046",0.00,33,0.09,1.36,2,0.00,79,31,25,0,no NOR,0,0.00,0,0,26,Ronny Johnsen
178,0,Blackburn Rovers,2,DF,0.09,10,0.00,"2,037",0.00,22,0.31,1.94,7,0.00,68,44,20,0,se SWE,0,0.00,0,0,30,Nils-Eric Johansson
179,1,Leeds United,5,"FW,MF",0.22,2,0.18,"2,024",0.04,31,0.13,1.82,3,0.04,81,41,23,3,eng ENG,0,0.18,0,0,25,Jason Wilcox
180,10,Chelsea,29,"FW,MF",1.29,15,0.58,"2,023",0.44,23,0.04,1.29,1,0.44,58,29,20,3,is ISL,0,0.58,0,0,35,Eiður Guðjohnsen
181,1,Newcastle United,2,DF,0.09,5,0.04,"2,013",0.04,23,0.36,1.07,7,0.04,75,24,22,0,eng ENG,0,0.04,1,0,27,Andy Griffin
182,2,Manchester City,2,DF,0.09,0,0.13,"2,013",0.09,30,0.04,0.72,1,0.09,84,16,24,1,eng ENG,0,0.13,0,0,24,Steve Howey
183,10,Aston Villa,29,"FW,DF",1.30,5,0.45,"2,004",0.36,33,0.27,2.78,5,0.45,72,62,23,2,eng ENG,3,0.54,1,2,28,Dion Dublin
184,4,Blackburn Rovers,24,MF,1.08,0,0.27,"2,002",0.18,24,0.27,1.53,6,0.18,87,34,23,2,eng ENG,0,0.27,0,0,23,David Thompson
185,4,Sunderland,16,FW,0.72,6,0.23,"1,995",0.18,29,0.00,2.44,0,0.18,69,54,23,1,no NOR,0,0.23,0,0,29,Tore André Flo
186,2,Newcastle United,5,MF,0.23,1,0.14,"1,958",0.09,32,0.23,1.42,5,0.09,82,31,23,1,wal WAL,0,0.14,0,0,24,Gary Speed
187,0,Arsenal,1,"DF,MF",0.05,2,0.05,"1,954",0.00,36,0.28,1.01,6,0.00,81,22,22,1,eng ENG,0,0.05,0,0,24,Martin Keown
188,4,Middlesbrough,18,"FW,MF",0.83,6,0.32,"1,948",0.18,24,0.05,1.43,1,0.18,70,31,22,3,cm CMR,0,0.32,0,0,28,Joseph-Désiré Job
189,0,West Bromwich Albion,1,DF,0.05,0,0.00,"1,948",0.00,28,0.05,1.02,1,0.00,89,22,22,0,eng ENG,0,0.00,0,0,22,Phil Gilchrist
190,0,Bolton Wanderers,1,DF,0.05,4,0.00,"1,923",0.00,29,0.09,0.84,2,0.00,77,18,21,0,eng ENG,0,0.00,0,0,25,Anthony Barness
191,2,Charlton Athletic,4,"FW,DF",0.19,0,0.09,"1,915",0.09,28,0.09,1.03,2,0.09,83,22,23,0,za RSA,0,0.09,0,0,23,Mark Fish
192,8,Newcastle United,39,FW,1.83,2,0.66,"1,915",0.38,23,0.05,1.97,1,0.38,83,42,21,6,wal WAL,0,0.66,0,0,23,Craig Bellamy
193,0,Southampton,6,MF,0.28,2,0.05,"1,899",0.00,26,0.19,1.94,4,0.00,79,41,22,1,ie IRL,0,0.05,0,0,24,Rory Delap
194,3,Birmingham City,9,MF,0.43,12,0.10,"1,894",0.05,30,0.14,1.24,3,0.14,59,26,20,1,sco SCO,2,0.19,0,2,32,Paul Devlin
195,5,West Bromwich Albion,17,FW,0.81,9,0.24,"1,892",0.24,27,0.29,3.00,6,0.24,68,63,19,0,eng ENG,0,0.24,0,0,28,Danny Dichio
196,1,Bolton Wanderers,3,DF,0.14,0,0.05,"1,891",0.05,31,0.19,0.67,3,0.05,82,14,23,0,fr FRA,0,0.05,1,0,23,Bruno N'Gotty
197,0,Everton,2,DF,0.10,2,0.00,"1,882",0.00,21,0.05,1.10,0,0.00,78,23,22,0,ng NGA,0,0.00,1,0,24,Joseph Yobo
198,1,Birmingham City,3,"DF,MF",0.14,0,0.05,"1,881",0.05,26,0.53,2.11,11,0.05,90,44,21,0,sn SEN,0,0.05,0,0,21,Aliou Cissé
199,3,Liverpool,11,"FW,MF",0.53,8,0.53,"1,881",0.14,21,0.29,2.11,6,0.14,65,44,21,8,sn SEN,0,0.53,0,0,29,El Hadji Diouf
200,3,Everton,10,MF,0.48,3,0.24,"1,866",0.14,28,0.05,1.69,1,0.14,78,35,21,2,ie IRL,0,0.24,0,0,24,Lee Carsley
201,5,Tottenham Hotspur,21,MF,1.01,6,0.43,"1,863",0.24,34,0.24,1.55,4,0.24,67,32,22,4,uy URU,0,0.43,1,0,28,Gus Poyet
202,0,Manchester United,0,DF,0.00,0,0.05,"1,853",0.00,22,0.15,1.80,3,0.00,84,37,22,1,eng ENG,0,0.05,0,0,22,Wes Brown
203,4,Aston Villa,20,MF,0.98,4,0.20,"1,833",0.20,25,0.34,1.82,7,0.20,71,37,22,0,eng ENG,0,0.20,0,0,26,Lee Hendrie
204,0,Manchester United,0,DF,0.00,7,0.15,"1,823",0.00,27,0.15,1.09,3,0.00,70,22,19,3,eng ENG,0,0.15,0,0,26,Gary Neville
205,0,Sunderland,0,GK,0.00,0,0.00,"1,813",0.00,26,0.00,0.00,0,0.00,86,0,21,0,dk DEN,0,0.00,0,0,21,Thomas Sørensen
206,4,Arsenal,14,FW,0.70,6,0.70,"1,807",0.20,33,0.15,2.19,3,0.20,62,44,23,10,nl NED,0,0.70,0,0,29,Dennis Bergkamp
207,0,Chelsea,4,MF,0.20,6,0.05,"1,798",0.00,23,0.15,1.80,3,0.00,72,36,19,1,eng ENG,0,0.05,0,0,25,Jody Morris
208,14,Arsenal,24,"MF,FW",1.20,5,0.90,"1,797",0.65,28,0.00,0.30,0,0.70,69,6,21,5,fr FRA,1,0.95,0,1,26,Robert Pirès
209,1,Fulham,6,"MF,DF",0.30,3,0.05,"1,789",0.05,27,0.10,0.91,2,0.05,72,18,22,0,fr FRA,0,0.05,0,0,25,Martin Djetou
210,0,Middlesbrough,1,DF,0.05,0,0.10,"1,787",0.00,20,0.05,0.35,1,0.00,85,7,21,2,eng ENG,0,0.10,0,0,21,Stuart Parnaby
211,5,Birmingham City,19,FW,0.96,10,0.30,"1,782",0.20,25,0.10,2.47,2,0.25,59,49,20,2,tt TRI,2,0.35,0,1,30,Stern John
212,2,Birmingham City,7,"DF,MF",0.36,13,0.46,"1,771",0.10,29,0.05,0.91,1,0.10,59,18,17,7,au AUS,0,0.46,0,0,30,Stan Lazaridis
213,5,Southampton,21,FW,1.07,9,0.46,"1,765",0.25,25,0.15,1.38,3,0.25,57,27,22,4,eng ENG,0,0.46,0,0,31,Brett Ormerod
214,0,Manchester United,9,MF,0.46,2,0.05,"1,763",0.00,30,0.26,1.23,4,0.00,84,24,19,1,ie IRL,0,0.05,1,0,21,Roy Keane
215,3,Manchester United,5,MF,0.26,4,0.26,"1,762",0.15,27,0.05,1.23,1,0.15,71,24,21,2,ar ARG,0,0.26,0,0,25,Juan Sebastián Verón
216,4,Chelsea,8,"FW,MF",0.41,10,0.41,"1,735",0.21,24,0.26,1.82,5,0.21,58,35,20,4,dk DEN,0,0.41,0,0,30,Jesper Grønkjær
217,0,Leeds United,1,"MF,DF",0.05,0,0.10,"1,732",0.00,28,0.16,1.35,3,0.00,87,26,20,2,sco SCO,0,0.10,0,0,20,Dominic Matteo
218,3,Charlton Athletic,8,"DF,FW,MF",0.43,13,0.21,"1,692",0.16,21,0.27,0.96,4,0.16,56,18,17,1,eng ENG,0,0.21,1,0,30,Paul Konchesky
219,0,Fulham,0,GK,0.00,0,0.00,"1,683",0.00,31,0.00,0.00,0,0.00,89,0,19,0,nl NED,0,0.00,0,0,19,Edwin van der Sar
220,2,Tottenham Hotspur,2,DF,0.11,0,0.11,"1,683",0.11,29,0.16,1.12,3,0.11,80,21,21,0,ar ARG,0,0.11,0,0,21,Mauricio Taricco
221,1,Birmingham City,3,DF,0.16,1,0.05,"1,680",0.05,25,0.43,0.96,7,0.05,84,18,19,0,eng ENG,0,0.05,1,0,20,Darren Purse
222,1,Manchester United,1,"MF,DF",0.05,6,0.16,"1,668",0.05,25,0.38,2.10,7,0.05,67,39,19,2,eng ENG,0,0.16,0,0,25,Phil Neville
223,1,Everton,7,MF,0.38,2,0.16,"1,656",0.05,31,0.11,1.41,2,0.05,79,26,19,2,wal WAL,0,0.16,0,0,21,Mark Pembridge
224,0,Bolton Wanderers,9,"DF,FW",0.50,1,0.06,"1,629",0.00,20,0.33,1.99,6,0.00,78,36,20,1,fr FRA,0,0.06,0,0,21,Bernard Mendy
225,0,Liverpool,0,DF,0.00,0,0.00,"1,615",0.00,27,0.17,0.78,3,0.00,85,14,19,0,ch SUI,0,0.00,0,0,19,Stéphane Henchoz
226,6,Arsenal,16,"FW,MF",0.90,1,0.45,"1,605",0.34,25,0.00,1.12,0,0.34,80,20,19,2,se SWE,0,0.45,0,0,20,Freddie Ljungberg
227,1,Newcastle United,5,DF,0.28,0,0.17,"1,601",0.06,22,0.11,0.79,2,0.06,89,14,18,2,eng ENG,0,0.17,0,0,18,Jonathan Woodgate
228,0,Fulham,0,GK,0.00,1,0.00,"1,596",0.00,30,0.06,0.00,0,0.00,84,0,18,0,nir NIR,0,0.00,1,0,19,Maik Taylor
229,0,Sunderland,0,DF,0.00,1,0.00,"1,596",0.00,31,0.23,0.90,4,0.00,80,16,19,0,se SWE,0,0.00,0,0,20,Joachim Björklund
230,6,Everton,30,"MF,FW",1.70,19,0.62,"1,589",0.34,16,0.40,1.53,6,0.34,48,27,14,5,eng ENG,0,0.62,1,0,33,Wayne Rooney
231,5,Birmingham City,17,FW,0.97,16,0.40,"1,575",0.29,28,0.11,2.63,1,0.29,51,46,15,2,eng ENG,0,0.40,1,0,31,Geoff Horsfield
232,1,Bolton Wanderers,10,MF,0.57,18,0.17,"1,567",0.06,20,0.29,0.92,5,0.06,48,16,15,2,eng ENG,0,0.17,0,0,33,Kevin Nolan
233,0,Tottenham Hotspur,6,MF,0.35,2,0.35,"1,560",0.00,30,0.17,1.33,2,0.00,78,23,18,6,eng ENG,0,0.35,1,0,20,Darren Anderton
234,0,West Ham United,6,MF,0.35,7,0.00,"1,553",0.00,24,0.35,2.61,6,0.00,62,45,18,0,fr FRA,0,0.00,0,0,25,Édouard Cissé
235,0,Sunderland,2,DF,0.12,8,0.00,"1,553",0.00,21,0.29,0.99,5,0.00,65,17,16,0,nir NIR,0,0.00,0,0,24,George McCartney
236,0,Chelsea,5,"MF,FW",0.29,8,0.00,"1,550",0.00,23,0.41,2.15,7,0.00,62,37,17,0,es ESP,0,0.00,0,0,25,Enrique de Lucas
237,9,Liverpool,24,FW,1.41,10,0.70,"1,537",0.53,20,0.18,2.28,3,0.53,57,39,17,3,cz CZE,0,0.70,0,0,27,Milan Baroš
238,0,Leeds United,1,"GK,DF",0.06,3,0.00,"1,515",0.00,33,0.06,1.25,1,0.00,80,21,16,0,za RSA,0,0.00,0,0,19,Lucas Radebe
239,1,Chelsea,4,"MF,DF",0.24,3,0.06,"1,478",0.06,23,0.24,1.22,3,0.06,78,20,16,0,ng NGA,0,0.06,1,0,19,Celestine Babayaro
240,7,Middlesbrough,18,FW,1.10,13,0.55,"1,477",0.43,24,0.00,0.49,0,0.43,53,8,15,2,sk SVK,0,0.55,0,0,28,Szilárd Németh
241,0,Birmingham City,4,DF,0.25,0,0.00,"1,440",0.00,26,0.06,0.25,1,0.00,90,4,16,0,eng ENG,0,0.00,0,0,16,Jamie Clapham
242,1,Arsenal,2,DF,0.13,2,0.06,"1,429",0.06,28,0.19,1.39,3,0.06,79,22,16,0,"fr FRA,pl POL",0,0.06,0,0,18,Pascal Cygan
243,0,Manchester United,1,"MF,DF",0.06,4,0.00,"1,422",0.00,36,0.13,0.95,2,0.00,75,15,15,0,fr FRA,0,0.00,0,0,19,Laurent Blanc
244,3,Chelsea,3,DF,0.19,4,0.19,"1,415",0.19,21,0.19,1.40,3,0.19,71,22,16,0,eng ENG,0,0.19,0,0,20,John Terry
245,0,West Ham United,1,DF,0.06,2,0.00,"1,412",0.00,38,0.13,0.83,2,0.00,78,13,16,0,eng ENG,0,0.00,0,0,18,Nigel Winterburn
246,0,Middlesbrough,1,DF,0.06,6,0.00,"1,399",0.00,35,0.00,1.22,0,0.00,70,19,14,0,eng ENG,0,0.00,0,0,20,Colin Cooper
247,1,Aston Villa,2,MF,0.13,4,0.13,"1,381",0.07,29,0.13,1.04,2,0.07,73,16,15,1,ie IRL,0,0.13,0,0,19,Mark Kinsella
248,9,West Ham United,17,FW,1.12,2,0.59,"1,365",0.40,34,0.13,1.65,2,0.59,76,25,16,3,it ITA,3,0.79,0,3,18,Paolo Di Canio
249,1,Leeds United,1,DF,0.07,1,0.07,"1,359",0.07,29,0.07,1.06,1,0.07,80,16,16,0,se SWE,0,0.07,0,0,17,Teddy Lučić
250,0,West Ham United,0,DF,0.00,1,0.07,"1,358",0.00,27,0.13,0.99,2,0.00,85,15,15,1,fr FRA,0,0.07,0,0,16,Sébastien Schemmel
251,4,Leeds United,8,"MF,FW",0.53,3,0.40,"1,348",0.27,28,0.13,0.93,2,0.27,71,14,16,2,eng ENG,0,0.40,0,0,19,Nick Barmby
252,5,Everton,10,"DF,MF",0.68,4,0.41,"1,333",0.34,28,0.14,0.95,2,0.34,74,14,14,1,eng ENG,0,0.41,0,0,18,Steve Watson
253,7,Manchester City,14,FW,0.96,12,0.55,"1,315",0.48,32,0.00,1.10,0,0.48,51,16,14,1,bm BER,0,0.55,0,0,26,Shaun Goater
254,1,Tottenham Hotspur,4,MF,0.28,7,0.21,"1,305",0.07,20,0.00,1.10,0,0.07,59,16,15,2,eng ENG,0,0.21,0,0,22,Matthew Etherington
255,0,Bolton Wanderers,1,DF,0.07,3,0.14,"1,304",0.00,34,0.14,1.45,2,0.00,77,21,14,2,eng ENG,0,0.14,0,0,17,Mike Whitlow
256,5,Birmingham City,21,"FW,MF",1.46,0,0.42,"1,294",0.35,30,0.28,3.96,4,0.35,81,57,16,1,fr FRA,0,0.42,0,0,16,Christophe Dugarry
257,1,Tottenham Hotspur,1,DF,0.07,3,0.07,"1,288",0.07,29,0.28,2.10,3,0.07,72,30,15,0,eng ENG,0,0.07,1,0,18,Chris Perry
258,0,West Ham United,2,DF,0.14,1,0.14,"1,287",0.00,17,0.21,1.19,3,0.00,86,17,14,2,eng ENG,0,0.14,0,0,15,Glen Johnson
259,0,Leeds United,1,MF,0.07,0,0.00,"1,285",0.00,30,0.28,1.26,4,0.00,86,18,15,0,au AUS,0,0.00,0,0,15,Paul Okon
260,3,Tottenham Hotspur,9,MF,0.63,3,,"1,282",,29,,2.04,3,0.21,75,29,14,1,eng ENG,,0.28,,,17,Jamie Redknapp
261,1,Blackburn Rovers,4,DF,0.28,1,0.07,"1,276",0.07,32,0.14,0.85,2,0.07,80,12,15,0,no NOR,0,0.07,0,0,16,Henning Berg
262,0,Fulham,2,DF,0.14,5,0.07,"1,274",0.00,22,0.07,1.06,0,0.00,75,15,12,1,eng ENG,0,0.07,1,0,17,Zat Knight
263,0,Arsenal,8,MF,0.57,5,0.14,"1,274",0.00,29,0.28,2.76,4,0.00,67,39,14,2,eng ENG,0,0.14,0,0,19,Ray Parlour
264,2,Birmingham City,5,MF,0.35,0,0.28,"1,270",0.14,24,0.21,1.70,3,0.14,85,24,15,2,eng ENG,0,0.28,0,0,15,Stephen Clemence
265,4,West Ham United,10,FW,0.71,9,0.43,"1,268",0.28,35,0.14,1.85,2,0.28,51,26,16,2,eng ENG,0,0.43,0,0,25,Les Ferdinand
266,1,Manchester City,2,DF,0.14,0,0.07,"1,260",0.07,27,0.14,2.00,2,0.07,90,28,14,0,gp GLP,0,0.07,0,0,14,David Sommeil
267,1,Aston Villa,6,DF,0.43,8,0.14,"1,250",0.07,28,0.14,1.22,2,0.07,63,17,12,1,ec ECU,0,0.14,0,0,20,Ulises de la Cruz
268,0,Newcastle United,2,DF,0.15,3,0.00,"1,241",0.00,21,0.22,1.23,3,0.00,78,17,13,0,eng ENG,0,0.00,0,0,16,Titus Bramble
269,1,Liverpool,2,MF,0.15,13,0.15,"1,222",0.07,25,0.29,2.21,3,0.07,47,30,13,1,sn SEN,0,0.15,1,0,26,Salif Diao
270,3,Aston Villa,8,MF,0.59,6,0.30,"1,219",0.22,31,0.15,2.51,2,0.22,64,34,13,1,no NOR,0,0.30,0,0,19,Øyvind Leonhardsen
271,0,Manchester United,3,"DF,MF",0.22,4,0.00,"1,218",0.00,27,0.07,1.77,1,0.00,68,24,14,0,eng ENG,0,0.00,0,0,18,Nicky Butt
272,0,Sunderland,2,DF,0.15,4,0.00,"1,213",0.00,25,0.37,1.63,5,0.00,76,22,12,0,eng ENG,0,0.00,0,0,16,Darren Williams
273,4,Manchester City,19,FW,1.41,7,0.37,"1,213",0.22,27,0.07,1.19,1,0.30,61,16,13,2,eng ENG,1,0.45,0,1,20,Robbie Fowler
274,0,Birmingham City,1,DF,0.07,0,0.00,"1,211",0.00,23,0.15,1.26,1,0.00,87,17,14,0,eng ENG,0,0.00,1,0,14,Matthew Upson
275,0,Tottenham Hotspur,0,MF,0.00,4,0.00,"1,198",0.00,32,0.38,2.18,5,0.00,71,29,13,0,de GER,0,0.00,0,0,17,Steffen Freund
276,0,Blackburn Rovers,3,"FW,MF",0.23,15,0.30,"1,192",0.00,27,0.15,0.83,2,0.00,48,11,10,4,nir NIR,0,0.30,0,0,25,Keith Gillespie
277,5,West Bromwich Albion,17,FW,1.28,21,0.38,"1,191",0.38,23,0.00,1.44,0,0.38,38,19,10,0,sco SCO,0,0.38,0,0,31,Scott Dobie
278,0,Southampton,0,GK,0.00,1,0.00,"1,174",0.00,35,0.00,0.00,0,0.00,84,0,13,0,wal WAL,0,0.00,0,0,14,Paul Jones
279,1,Newcastle United,3,DF,0.23,2,0.08,"1,167",0.08,21,0.08,1.23,1,0.08,83,16,12,0,sco SCO,0,0.08,0,0,14,Steven Caldwell
280,5,Fulham,15,FW,1.17,4,0.23,"1,157",0.23,23,0.00,2.10,0,0.39,68,27,13,0,fr FRA,2,0.39,0,2,17,Louis Saha
281,0,Sunderland,0,MF,0.00,7,0.00,"1,149",0.00,23,0.08,1.17,1,0.00,61,15,12,0,eng ENG,0,0.00,0,0,19,Paul Thirlwell
282,0,Newcastle United,0,DF,0.00,3,0.00,"1,145",0.00,28,0.31,1.73,3,0.00,72,22,13,0,gr GRE,0,0.00,1,0,16,Nikos Dabizas
283,0,Sunderland,0,GK,0.00,1,0.00,"1,143",0.00,24,0.00,0.00,0,0.00,88,0,12,0,at AUT,0,0.00,0,0,13,Jürgen Macho
284,0,West Bromwich Albion,17,FW,1.34,9,0.00,"1,140",0.00,26,0.16,2.13,2,0.00,50,27,14,0,eng ENG,0,0.00,0,0,23,Lee Hughes
285,0,Southampton,0,DF,0.00,2,0.08,"1,136",0.00,31,0.08,0.79,1,0.00,76,10,13,1,eng ENG,0,0.08,0,0,15,Jason Dodd
286,5,West Ham United,13,FW,1.04,5,0.56,"1,130",0.40,24,0.16,2.23,1,0.40,67,28,12,2,ml MLI,1,0.56,1,0,17,Frédéric Kanouté
287,2,Middlesbrough,7,FW,0.57,5,0.24,"1,114",0.16,32,0.16,1.37,2,0.16,62,17,13,1,"hr CRO,yu YUG",0,0.24,0,0,18,Alen Bokšić
288,2,Southampton,9,MF,0.73,18,0.16,"1,107",0.16,30,0.00,2.36,0,0.16,41,29,9,0,no NOR,0,0.16,0,0,27,Jo Tessem
289,0,West Ham United,0,DF,0.00,1,0.00,"1,096",0.00,32,0.25,1.48,3,0.00,84,18,12,0,eng ENG,0,0.00,0,0,13,Rufus Brevett
290,5,Fulham,19,FW,1.56,7,0.49,"1,093",0.41,28,0.08,2.39,1,0.41,55,29,13,1,ar ARG,0,0.49,0,0,20,Facundo Sava
291,0,Middlesbrough,1,DF,0.08,2,0.00,"1,087",0.00,22,0.33,1.08,4,0.00,78,13,12,0,sco SCO,0,0.00,0,0,14,Robbie Stockdale
292,3,Newcastle United,14,MF,1.18,12,0.59,"1,067",0.25,19,0.34,1.01,4,0.25,46,12,11,4,pt POR,0,0.59,0,0,23,Hugo Viana
293,0,Arsenal,0,DF,0.00,6,0.00,"1,064",0.00,33,0.25,1.10,3,0.00,63,13,11,0,"su URS,ua UKR",0,0.00,0,0,17,Oleh Luzhny
294,0,Aston Villa,0,DF,0.00,0,0.00,"1,061",0.00,26,0.08,0.51,1,0.00,88,6,12,0,wal WAL,0,0.00,0,0,12,Mark Delaney
295,1,Fulham,3,DF,0.26,1,0.09,"1,038",0.09,23,0.52,1.56,5,0.09,74,18,13,0,cm CMR,0,0.09,1,0,14,Pierre Womé
296,3,Charlton Athletic,8,FW,0.69,21,0.35,"1,038",0.26,26,0.00,0.95,0,0.26,34,11,10,1,fi FIN,0,0.35,0,0,31,Jonatan Johansson
297,0,Leeds United,0,DF,0.00,3,0.09,"1,032",0.00,26,0.09,0.52,1,0.00,74,6,11,1,eng ENG,0,0.09,0,0,14,Michael Duberry
298,4,Chelsea,10,"FW,MF",0.88,5,0.53,"1,019",0.35,30,0.35,2.56,4,0.35,57,29,13,2,hr CRO,0,0.53,0,0,18,Mario Stanić
299,2,Sunderland,8,FW,0.71,10,0.18,"1,017",0.18,21,0.18,1.06,2,0.18,48,12,11,0,eng ENG,0,0.18,0,0,21,Michael Proctor
300,3,Arsenal,5,MF,0.45,6,0.36,"1,002",0.27,24,0.36,2.25,4,0.27,56,25,12,1,br BRA,0,0.36,0,0,18,Edu Gaspar
301,1,Tottenham Hotspur,1,DF,0.09,1,0.09,996,0.09,21,0.18,1.63,2,0.09,83,18,11,0,eng ENG,0,0.09,0,0,12,Anthony Gardner
302,1,Charlton Athletic,3,DF,0.27,0,0.18,996,0.09,28,0.09,1.45,1,0.09,83,16,12,1,eng ENG,0,0.18,0,0,12,Gary Rowett
303,1,Fulham,2,DF,0.18,0,0.09,990,0.09,22,0.18,1.27,2,0.09,90,14,11,0,eng ENG,0,0.09,0,0,11,Jon Harley
304,1,Chelsea,13,"MF,DF,FW",1.18,10,0.46,988,0.09,25,0.18,1.46,2,0.09,47,16,11,4,nl NED,0,0.46,0,0,21,Boudewijn Zenden
305,1,Tottenham Hotspur,1,"FW,DF",0.09,8,0.18,983,0.09,22,0.18,2.84,2,0.09,66,31,7,1,ie IRL,0,0.18,0,0,15,Gary Doherty
306,0,Birmingham City,4,DF,0.37,0,0.00,972,0.00,26,0.56,2.59,5,0.00,81,28,12,0,ci CIV,0,0.00,1,0,12,Olivier Tébily
307,5,Aston Villa,15,FW,1.40,10,0.56,967,0.47,29,0.19,2.79,2,0.47,51,30,9,1,se SWE,0,0.56,0,0,19,Marcus Allbäck
308,1,Arsenal,4,"DF,MF",0.38,11,0.28,956,0.09,27,0.09,1.60,1,0.09,48,17,9,2,nl NED,0,0.28,0,0,20,Giovanni van Bronckhorst
309,0,Liverpool,7,"FW,MF",0.67,11,0.19,945,0.00,29,0.19,1.62,2,0.00,45,17,10,2,"cs TCH,cz CZE",0,0.19,0,0,21,Vladimír Šmicer
310,1,Sunderland,4,MF,0.38,0,0.19,945,0.10,19,0.00,2.67,0,0.10,86,28,11,1,ie IRL,0,0.19,0,0,11,Sean Thornton
311,0,Everton,4,DF,0.38,5,0.00,942,0.00,27,0.00,0.48,0,0.00,63,5,10,0,it ITA,0,0.00,0,0,15,Alessandro Pistone
312,2,Birmingham City,5,MF,0.48,12,0.29,941,0.19,26,0.29,1.43,3,0.19,43,15,10,1,eng ENG,0,0.29,0,0,22,Bryan Hughes
313,5,Newcastle United,23,FW,2.20,20,0.77,940,0.48,20,0.19,2.87,2,0.48,34,30,8,3,ng NGA,0,0.77,0,0,28,Shola Ameobi
314,0,Everton,0,MF,0.00,6,0.29,936,0.00,31,0.19,0.96,2,0.00,59,10,10,3,sco SCO,0,0.29,0,0,16,Scot Gemmill
315,0,Fulham,0,"DF,MF",0.00,3,0.00,930,0.00,23,0.10,1.06,1,0.00,72,11,10,0,ma MAR,0,0.00,0,0,13,Abdeslam Ouaddou
316,0,Sunderland,7,MF,0.68,0,0.00,928,0.00,29,0.10,0.87,1,0.00,84,9,11,0,us USA,0,0.00,0,0,11,Claudio Reyna
317,0,Charlton Athletic,3,MF,0.29,3,0.10,925,0.00,30,0.19,1.56,2,0.00,71,16,10,1,wal WAL,0,0.10,0,0,13,John Robinson
318,0,Aston Villa,3,MF,0.29,4,0.10,919,0.00,34,0.39,1.96,4,0.00,71,20,9,1,eng ENG,0,0.10,0,0,13,Ian Taylor
319,0,Birmingham City,0,GK,0.00,0,0.00,900,0.00,30,0.00,0.00,0,0.00,90,0,10,0,eng ENG,0,0.00,0,0,10,Ian Bennett
320,0,Bolton Wanderers,0,DF,0.00,0,0.00,900,0.00,28,0.70,1.20,6,0.00,90,12,10,0,fr FRA,0,0.00,1,0,10,Florent Laville
321,0,Southampton,0,DF,0.00,2,0.00,899,0.00,31,0.40,2.00,3,0.00,75,20,10,0,eng ENG,0,0.00,1,0,12,Paul Williams
322,2,Arsenal,8,DF,0.80,17,0.40,898,0.20,21,0.10,1.60,1,0.20,35,16,9,2,ci CIV,0,0.40,0,0,26,Kolo Touré
323,0,West Bromwich Albion,1,"MF,DF",0.10,3,0.00,895,0.00,21,0.30,2.51,3,0.00,69,25,10,0,eng ENG,0,0.00,0,0,13,Adam Chambers
324,0,Middlesbrough,0,DF,0.00,3,0.00,893,0.00,32,0.00,1.31,0,0.00,74,13,9,0,au AUS,0,0.00,0,0,12,Tony Vidmar
325,0,Manchester City,0,"MF,DF",0.00,3,0.00,891,0.00,29,0.40,1.72,3,0.00,69,17,10,0,au AUS,0,0.00,1,0,13,Danny Tiatto
326,0,Southampton,4,MF,0.41,3,0.00,888,0.00,20,0.20,1.52,2,0.00,74,15,9,0,eng ENG,0,0.00,0,0,12,David Prutton
327,0,Blackburn Rovers,1,DF,0.10,0,0.00,888,0.00,25,0.20,1.72,2,0.00,89,17,10,0,sk SVK,0,0.00,0,0,10,Vratislav Greško
328,0,West Ham United,5,MF,0.52,0,0.00,867,0.00,25,0.42,1.35,4,0.00,87,13,10,0,eng ENG,0,0.00,0,0,10,Lee Bowyer
329,0,Sunderland,4,FW,0.42,8,0.10,866,0.00,21,0.21,3.33,2,0.00,51,32,9,1,sco SCO,0,0.10,0,0,17,Kevin Kyle
330,0,West Ham United,2,DF,0.21,5,0.00,860,0.00,28,0.10,1.36,1,0.00,61,13,9,0,ie IRL,0,0.00,0,0,14,Gary Breen
331,5,Arsenal,17,FW,1.79,7,0.95,856,0.53,25,0.00,2.21,0,0.53,54,21,9,4,ng NGA,0,0.95,0,0,16,Nwankwo Kanu
332,0,Manchester United,0,GK,0.00,2,0.00,834,0.00,24,0.00,0.00,0,0.00,83,0,8,0,nir NIR,0,0.00,0,0,10,Roy Carroll
333,0,West Ham United,1,DF,0.11,3,0.00,834,0.00,30,0.32,1.83,3,0.00,70,17,9,0,eng ENG,0,0.00,0,0,12,Scott Minto
334,6,Manchester United,19,"FW,MF",2.05,18,0.86,834,0.65,23,0.32,0.76,3,0.65,33,7,7,2,uy URU,0,0.86,0,0,25,Diego Forlán
335,4,Middlesbrough,9,FW,0.98,1,0.55,825,0.44,23,0.00,1.09,0,0.44,69,10,11,1,eng ENG,0,0.55,0,0,12,Malcolm Christie
336,0,Fulham,2,MF,0.22,2,0.00,823,0.00,33,0.00,0.33,0,0.00,75,3,9,0,dk DEN,0,0.00,0,0,11,Bjarne Goldbæk
337,2,Tottenham Hotspur,8,"MF,DF",0.88,2,0.44,819,0.22,30,0.77,1.76,5,0.22,68,16,10,2,de GER,0,0.44,2,0,12,Christian Ziege
338,0,Manchester City,0,GK,0.00,0,0.00,810,0.00,28,0.00,0.00,0,0.00,90,0,9,0,eng ENG,0,0.00,0,0,9,Carlo Nash
339,0,Tottenham Hotspur,3,DF,0.33,4,0.00,809,0.00,26,0.11,0.56,1,0.00,67,5,8,0,wal WAL,0,0.00,0,0,12,Ben Thatcher
340,3,Middlesbrough,12,MF,1.34,1,0.67,804,0.34,29,0.11,1.34,1,0.34,80,12,9,3,br BRA,1,0.67,0,0,10,Juninho Paulista
341,2,Fulham,8,MF,0.90,10,0.45,803,0.22,22,0.00,1.68,0,0.22,45,15,8,2,jp JPN,0,0.45,0,0,18,Junichi Inamoto
342,0,Sunderland,5,"DF,MF",0.57,6,0.11,783,0.00,21,0.00,1.61,0,0.00,60,14,7,1,ar ARG,0,0.11,0,0,13,Julio Arca
343,0,Sunderland,3,MF,0.34,5,0.00,783,0.00,20,0.11,1.72,1,0.00,60,15,8,0,eng ENG,0,0.00,0,0,13,Matt Piper
344,2,Aston Villa,6,MF,0.69,2,0.46,783,0.23,22,0.46,2.53,3,0.23,71,22,9,2,is ISL,0,0.46,1,0,11,Joey Guðjónsson
345,1,Tottenham Hotspur,4,FW,0.46,11,0.35,779,0.12,25,0.00,1.27,0,0.12,41,11,8,2,no NOR,0,0.35,0,0,19,Steffen Iversen
346,2,Fulham,6,MF,0.70,2,0.23,775,0.23,29,0.35,0.70,3,0.23,71,6,9,0,eng ENG,0,0.23,0,0,11,Lee Clark
347,0,Liverpool,5,MF,0.59,11,0.00,760,0.00,24,0.12,2.96,1,0.00,40,25,8,0,fr FRA,0,0.00,0,0,19,Bruno Cheyrou
348,1,Blackburn Rovers,5,FW,0.60,9,0.48,755,0.12,30,0.24,3.34,2,0.12,44,28,8,3,no NOR,0,0.48,0,0,17,Egil Østenstad
349,0,Aston Villa,1,DF,0.12,1,0.12,754,0.00,30,0.24,0.48,2,0.00,75,4,9,1,eng ENG,0,0.12,0,0,10,Alan Wright
350,1,Aston Villa,9,FW,1.10,6,0.24,737,0.12,26,0.12,2.20,1,0.12,53,18,8,1,co COL,0,0.24,0,0,14,Juan Pablo Ángel
351,0,Liverpool,0,GK,0.00,0,0.00,720,0.00,21,0.00,0.00,0,0.00,90,0,8,0,eng ENG,0,0.00,0,0,8,Chris Kirkland
352,1,Sunderland,4,MF,0.51,0,0.25,708,0.13,31,0.38,2.16,3,0.13,79,17,9,1,ie IRL,0,0.25,0,0,9,Jason McAteer
353,1,Blackburn Rovers,1,DF,0.13,5,0.13,688,0.13,27,0.52,2.22,3,0.13,57,17,7,0,eng ENG,0,0.13,1,0,12,Andy Todd
354,0,Arsenal,0,GK,0.00,1,0.00,677,0.00,21,0.00,0.00,0,0.00,85,0,7,0,eng ENG,0,0.00,0,0,8,Stuart Taylor
355,0,Birmingham City,4,DF,0.54,1,0.00,669,0.00,29,0.40,0.40,3,0.00,74,3,8,0,eng ENG,0,0.00,0,0,9,Martin Grainger
356,0,Leeds United,1,MF,0.14,6,0.00,662,0.00,22,0.14,2.04,1,0.00,51,15,7,0,ie IRL,0,0.00,0,0,13,Stephen McPhail
357,0,Sunderland,1,"DF,MF",0.14,0,0.00,653,0.00,26,0.28,1.38,2,0.00,82,10,8,0,ma MAR,0,0.00,0,0,8,Talal El Karkouri
358,0,Blackburn Rovers,0,DF,0.00,0,0.00,619,0.00,17,0.29,0.73,2,0.00,69,5,9,0,sco SCO,0,0.00,0,0,9,Jay McEveley
359,0,Aston Villa,3,MF,0.44,4,0.00,617,0.00,30,0.15,1.02,1,0.00,56,7,7,0,ma MAR,0,0.00,0,0,11,Mustapha Hadji
360,2,Blackburn Rovers,3,FW,0.44,2,0.44,615,0.29,30,0.15,0.73,1,0.29,68,5,7,1,tr TUR,0,0.44,0,0,9,Hakan Şükür
361,1,Charlton Athletic,3,"DF,MF",0.44,6,0.00,611,0.00,28,0.00,1.91,0,0.15,47,13,7,0,eng ENG,1,0.15,0,1,13,Chris Bart-Williams
362,1,Manchester City,3,MF,0.44,0,0.15,610,0.15,19,0.30,2.51,2,0.15,87,17,7,0,eng ENG,0,0.15,0,0,7,Joey Barton
363,0,Middlesbrough,1,"FW,MF,DF",0.15,7,0.00,596,0.00,20,0.30,1.81,1,0.00,43,12,7,0,au AUS,0,0.00,1,0,14,Luke Wilkshire
364,1,Sunderland,8,FW,1.23,6,0.15,584,0.15,19,0.00,0.15,0,0.15,53,1,5,0,fr FRA,0,0.15,0,0,11,David Bellion
365,0,Aston Villa,7,FW,1.08,7,0.00,582,0.00,21,0.15,2.47,1,0.00,42,16,7,0,eng ENG,0,0.00,0,0,14,Peter Crouch
366,1,Manchester City,5,"FW,MF",0.78,10,0.16,577,0.16,26,0.00,2.18,0,0.16,36,14,6,0,eng ENG,0,0.16,0,0,16,Darren Huckerby
367,0,Sunderland,2,MF,0.32,0,0.00,570,0.00,21,0.00,0.95,0,0.00,81,6,7,0,ie IRL,0,0.00,0,0,7,Thomas Butler
368,4,Everton,8,FW,1.29,1,0.81,557,0.65,30,0.00,1.29,0,0.65,70,8,7,1,us USA,0,0.81,0,0,8,Brian McBride
369,1,Fulham,5,FW,0.82,10,0.16,549,0.16,30,0.49,3.93,3,0.16,39,24,4,0,jm JAM,0,0.16,0,0,14,Barry Hayles
370,1,Middlesbrough,,FW,,4,,545,,23,0.17,,1,0.17,61,,5,0,eng ENG,,0.17,0,,9,Michael Ricketts
371,1,Aston Villa,4,FW,0.68,6,0.17,530,0.17,18,0.17,1.36,1,0.17,41,8,7,0,eng ENG,0,0.17,0,0,13,Stefan Moore
372,2,Birmingham City,6,FW,1.03,12,0.34,525,0.34,26,0.17,1.54,1,0.34,31,9,5,0,us USA,0,0.34,0,0,17,Jovan Kirovski
373,1,Bolton Wanderers,3,MF,0.52,2,0.17,519,0.17,26,0.00,0.00,0,0.17,65,0,6,0,ie IRL,0,0.17,0,0,8,Gareth Farrelly
374,1,Sunderland,7,FW,1.23,10,0.18,513,0.18,29,0.35,2.11,2,0.18,34,12,5,0,eng ENG,0,0.18,0,0,15,Marcus Stewart
375,2,Leeds United,4,MF,0.71,17,0.53,509,0.35,16,0.00,1.06,0,0.35,28,6,1,1,eng ENG,0,0.53,0,0,18,James Milner
376,0,Aston Villa,0,DF,0.00,1,0.00,508,0.00,19,0.18,2.48,1,0.00,64,14,7,0,wal WAL,0,0.00,0,0,8,Rob Edwards
377,0,West Bromwich Albion,0,DF,0.00,4,0.00,508,0.00,22,0.00,1.77,0,0.00,46,10,7,0,ng NGA,0,0.00,0,0,11,Ifeanyi Udeze
378,0,Manchester United,1,MF,0.18,4,0.18,506,0.00,25,0.18,1.25,1,0.00,56,7,5,1,za RSA,0,0.18,0,0,9,Quinton Fortune
379,0,Aston Villa,0,GK,0.00,1,0.00,494,0.00,25,0.00,0.00,0,0.00,82,0,5,0,nl NED,0,0.00,0,0,6,Stefan Postma
380,0,Tottenham Hotspur,8,MF,1.46,13,0.36,494,0.00,25,0.18,2.19,1,0.00,29,12,4,2,si SVN,0,0.36,0,0,17,Milenko Ačimovič
381,0,Charlton Athletic,1,MF,0.18,0,0.00,490,0.00,33,0.18,2.02,1,0.00,82,11,6,0,eng ENG,0,0.00,0,0,6,Robbie Mustoe
382,2,Newcastle United,6,"MF,FW",1.10,5,0.37,489,0.37,21,0.18,1.10,1,0.37,49,6,5,0,cd COD,0,0.37,0,0,10,Lomana LuaLua
383,1,Southampton,4,"FW,MF",0.79,4,0.00,458,0.00,25,0.39,1.57,1,0.20,51,8,5,0,lv LVA,1,0.20,1,1,9,Marians Pahars
384,0,Aston Villa,1,DF,0.20,0,0.00,450,0.00,29,0.40,2.00,2,0.00,90,10,5,0,tr TUR,0,0.00,0,0,5,Alpay Özalan
385,0,Birmingham City,0,DF,0.00,1,0.00,443,0.00,29,0.00,0.41,0,0.00,74,2,5,0,jm JAM,0,0.00,0,0,6,Michael Johnson
386,0,Manchester City,0,DF,0.00,1,0.00,424,0.00,29,0.64,2.33,3,0.00,71,11,5,0,nl NED,0,0.00,0,0,6,Gerard Wiekens
387,0,Charlton Athletic,4,FW,0.86,11,0.00,419,0.00,27,0.64,4.08,3,0.00,28,19,4,0,se SWE,0,0.00,0,0,15,Mathias Svensson
388,0,Fulham,5,FW,1.11,7,0.00,404,0.00,21,0.00,1.78,0,0.00,40,8,3,0,gh GHA,0,0.00,0,0,10,Elvis Hammond
389,0,Leeds United,1,DF,0.23,0,0.00,400,0.00,21,0.23,0.90,1,0.00,80,4,5,0,es ESP,0,0.00,0,0,5,Raúl Bravo
390,0,Bolton Wanderers,4,"DF,MF",0.91,2,0.23,397,0.00,32,0.00,1.59,0,0.00,57,7,5,1,eng ENG,0,0.23,0,0,7,Paul Warhurst
391,1,West Bromwich Albion,3,"DF,MF",0.68,5,0.23,396,0.23,23,0.23,1.36,1,0.23,44,6,4,0,eng ENG,0,0.23,0,0,9,Lee Marshall
392,0,Birmingham City,0,DF,0.00,0,0.00,395,0.00,34,0.00,0.91,0,0.00,79,4,5,0,eng ENG,0,0.00,0,0,5,Steve Vickers
393,2,Middlesbrough,2,DF,0.46,1,0.46,394,0.46,21,0.23,0.91,1,0.46,79,4,4,0,eng ENG,0,0.46,0,0,5,Chris Riggott
394,3,Chelsea,4,FW,0.93,11,0.93,388,0.70,18,0.70,5.57,3,0.70,30,24,2,1,eng ENG,0,0.93,0,0,13,Carlton Cole
395,0,Birmingham City,0,MF,0.00,9,0.00,382,0.00,18,0.00,1.65,0,0.00,32,7,3,0,eng ENG,0,0.00,0,0,12,Darren Carter
396,0,Southampton,0,DF,0.00,6,0.00,375,0.00,23,0.00,0.72,0,0.00,42,3,3,0,gi GIB,0,0.00,0,0,9,Danny Higginbotham
397,0,Bolton Wanderers,6,FW,1.44,4,0.24,374,0.00,33,0.48,2.65,2,0.00,42,11,5,1,eng ENG,0,0.24,0,0,9,Dean Holdsworth
398,0,Leeds United,2,MF,0.49,3,0.00,369,0.00,27,0.49,3.41,2,0.00,53,14,4,0,fr FRA,0,0.00,0,0,7,Olivier Dacourt
399,0,Liverpool,0,DF,0.00,0,0.50,360,0.00,29,0.00,0.75,0,0.00,90,3,4,2,pt POR,0,0.50,0,0,4,Abel Xavier
400,0,Sunderland,0,GK,0.00,0,0.00,360,0.00,30,0.00,0.00,0,0.00,90,0,4,0,ee EST,0,0.00,0,0,4,Mart Poom
401,1,Leeds United,3,"FW,MF",0.75,3,0.25,358,0.25,23,0.25,1.26,1,0.25,40,5,6,0,eng ENG,0,0.25,0,0,9,Seth Johnson
402,2,Arsenal,6,FW,1.54,14,0.77,351,0.51,21,0.26,1.03,1,0.51,22,4,2,1,eng ENG,0,0.77,0,0,16,Francis Jeffers
403,0,Birmingham City,0,MF,0.00,8,0.00,350,0.00,30,0.51,2.83,2,0.00,32,11,3,0,jm JAM,0,0.00,0,0,11,Darryl Powell
404,1,Middlesbrough,3,FW,0.79,13,0.26,341,0.26,27,0.53,1.85,2,0.26,23,7,2,0,eng ENG,0,0.26,0,0,15,Noel Whelan
405,0,Middlesbrough,0,MF,0.00,2,0.00,340,0.00,30,0.26,1.59,1,0.00,68,6,3,0,br BRA,0,0.00,0,0,5,Doriva
406,0,Manchester City,2,MF,0.55,6,0.27,330,0.00,26,0.00,0.82,0,0.00,41,3,2,1,dz ALG,0,0.27,0,0,8,Djamel Belmadi
407,0,Manchester City,0,DF,0.00,1,0.00,320,0.00,25,0.28,1.13,1,0.00,80,4,3,0,cm CMR,0,0.00,0,0,4,Lucien Mettomo
408,0,Everton,1,MF,0.29,3,0.00,311,0.00,30,0.00,1.16,0,0.00,44,4,4,0,se SWE,0,0.00,0,0,7,Niclas Alexandersson
409,0,Newcastle United,0,MF,0.00,4,0.00,309,0.00,20,0.00,1.46,0,0.00,39,5,4,0,sco SCO,0,0.00,0,0,8,Brian Kerr
410,0,Middlesbrough,0,MF,0.00,2,0.00,307,0.00,23,0.88,2.64,2,0.00,51,9,4,0,eng ENG,0,0.00,1,0,6,Mark Wilson
411,0,Blackburn Rovers,0,DF,0.00,0,0.00,305,0.00,23,0.00,0.30,0,0.00,61,1,5,0,eng ENG,0,0.00,0,0,5,John Curtis
412,0,Middlesbrough,0,DF,0.00,4,0.00,305,0.00,18,0.00,1.18,0,0.00,38,4,4,0,eng ENG,0,0.00,0,0,8,David Murphy
413,0,West Bromwich Albion,0,DF,0.00,6,0.00,298,0.00,21,0.00,0.91,0,0.00,37,3,2,0,eng ENG,0,0.00,0,0,8,James Chambers
414,0,Everton,0,MF,0.00,3,0.00,296,0.00,23,0.30,1.52,1,0.00,59,5,2,0,se SWE,0,0.00,0,0,5,Tobias Linderoth
415,0,Middlesbrough,1,MF,0.31,4,0.00,288,0.00,20,0.31,2.19,1,0.00,41,7,3,0,ar ARG,0,0.00,0,0,7,Carlos Marinelli
416,0,Bolton Wanderers,0,MF,0.00,6,0.00,284,0.00,32,0.32,2.85,1,0.00,36,9,2,0,dk DEN,0,0.00,0,0,8,Stig Tøfting
417,0,Liverpool,0,"DF,MF",0.00,3,0.00,274,0.00,24,0.00,3.61,0,0.00,46,11,3,0,hr CRO,0,0.00,0,0,6,Igor Bišćan
418,0,Chelsea,0,DF,0.00,0,0.00,225,0.00,32,0.00,2.00,0,0.00,75,5,3,0,es ESP,0,0.00,0,0,3,Albert Ferrer
419,0,Arsenal,0,GK,0.00,0,0.00,223,0.00,27,0.00,0.00,0,0.00,74,0,3,0,se SWE,0,0.00,0,0,3,Rami Shaaban
420,0,Charlton Athletic,2,"MF,FW",0.84,1,0.84,214,0.00,31,0.00,2.52,0,0.00,54,6,3,2,eng ENG,0,0.84,0,0,4,Graham Stuart
421,0,Aston Villa,2,MF,0.85,3,0.00,213,0.00,17,0.00,0.85,0,0.00,53,2,1,0,eng ENG,0,0.00,0,0,4,Peter Whittingham
422,0,West Bromwich Albion,0,DF,0.00,2,0.00,202,0.00,30,0.00,0.45,0,0.00,51,1,2,0,eng ENG,0,0.00,0,0,4,Des Lyttle
423,1,Blackburn Rovers,2,FW,0.90,10,0.45,200,0.45,27,0.90,2.25,2,0.45,18,5,1,0,it ITA,0,0.45,0,0,11,Corrado Grabbi
424,0,Charlton Athletic,0,"MF,DF",0.00,1,0.00,195,0.00,34,0.00,1.38,0,0.00,65,3,2,0,ma MAR,0,0.00,0,0,3,Tahar El Khalej
425,0,Tottenham Hotspur,0,MF,0.00,2,0.00,189,0.00,24,0.00,0.95,0,0.00,47,2,2,0,jp JPN,0,0.00,0,0,4,Kazuyuki Toda
426,2,Bolton Wanderers,3,FW,1.45,8,0.97,186,0.97,22,0.00,0.48,0,0.97,21,1,1,0,gd GRN,0,0.97,0,0,9,Delroy Facey
427,1,Southampton,4,FW,1.96,4,0.49,184,0.49,27,0.00,0.00,0,0.49,31,0,2,0,ec ECU,0,0.49,0,0,6,Agustín Delgado
428,0,Everton,2,FW,0.99,7,0.00,182,0.00,30,0.49,2.97,1,0.00,26,6,0,0,sco SCO,0,0.00,0,0,7,Duncan Ferguson
429,0,Sunderland,1,FW,0.50,8,0.00,180,0.00,35,0.00,2.50,0,0.00,23,5,0,0,ie IRL,0,0.00,0,0,8,Niall Quinn
430,0,Charlton Athletic,1,DF,0.50,0,0.00,180,0.00,17,0.50,3.50,1,0.00,90,7,2,0,de GER,0,0.00,0,0,2,Robert Huth
431,0,Arsenal,0,DF,0.00,0,0.00,180,0.00,26,0.00,1.00,0,0.00,90,2,2,0,lv LVA,0,0.00,0,0,2,Igors Stepanovs
432,0,Chelsea,0,GK,0.00,0,0.00,180,0.00,35,0.00,0.00,0,0.00,90,0,2,0,nl NED,0,0.00,0,0,2,Ed de Goey
433,0,Southampton,0,DF,0.00,0,0.00,180,0.00,33,0.50,1.50,1,0.00,90,3,2,0,eng ENG,0,0.00,0,0,2,Francis Benali
434,0,Bolton Wanderers,0,FW,0.00,9,0.00,180,0.00,28,0.00,2.50,0,0.00,20,5,0,0,fr FRA,0,0.00,0,0,9,Pierre-Yves André
435,0,Everton,0,GK,0.00,0,0.00,180,0.00,23,0.00,0.00,0,0.00,90,0,2,0,eng ENG,0,0.00,0,0,2,Steve Simonsen
436,0,Sunderland,0,MF,0.00,0,0.00,180,0.00,22,0.00,0.00,0,0.00,90,0,2,0,,0,0.00,0,0,2,Tommy Black
437,0,Everton,0,GK,0.00,0,0.00,180,0.00,29,0.00,0.00,0,0.00,90,0,2,0,eng ENG,0,0.00,0,0,2,Paul Gerrard
438,3,Arsenal,3,MF,1.60,4,2.13,169,1.60,19,0.00,1.07,0,1.60,34,2,1,1,eng ENG,0,2.13,0,0,5,Jermaine Pennant
439,0,Birmingham City,0,DF,0.00,0,0.00,158,0.00,17,0.00,1.71,0,0.00,79,3,2,0,eng ENG,0,0.00,0,0,2,Mat Sadler
440,0,Southampton,0,"DF,MF",0.00,2,0.00,157,0.00,20,0.00,1.72,0,0.00,52,3,1,0,nir NIR,0,0.00,0,0,3,Chris Baird
441,1,Southampton,3,FW,1.80,8,0.60,150,0.60,25,0.00,3.00,0,0.60,17,5,1,0,eng ENG,0,0.60,0,0,9,Kevin Davies
442,0,Newcastle United,2,MF,1.20,2,0.00,150,0.00,27,0.00,3.00,0,0.00,38,5,2,0,cl CHI,0,0.00,0,0,4,Clarence Acuña
443,0,West Bromwich Albion,0,GK,0.00,1,0.00,145,0.00,20,0.00,0.00,0,0.00,73,0,1,0,ie IRL,0,0.00,0,0,2,Joe Murphy
444,0,Leeds United,2,"FW,MF",1.28,4,0.00,141,0.00,23,0.00,3.19,0,0.00,28,5,1,0,eng ENG,0,0.00,0,0,5,Michael Bridges
445,0,Fulham,0,GK,0.00,1,0.00,141,0.00,31,0.00,0.00,0,0.00,71,0,1,0,ar ARG,0,0.00,0,0,2,Martín Herrera
446,0,Liverpool,0,DF,0.00,0,0.00,135,0.00,29,0.00,1.33,0,0.00,68,2,2,0,de GER,0,0.00,0,0,2,Markus Babbel
447,0,Bolton Wanderers,6,FW,4.12,4,0.00,131,0.00,27,0.69,4.12,1,0.00,26,6,1,0,es ESP,0,0.00,0,0,5,Salva Ballesta
448,0,Leeds United,0,MF,0.00,3,0.00,131,0.00,19,0.00,1.37,0,0.00,33,2,1,0,eng ENG,0,0.00,0,0,4,Simon Johnson
449,0,Leeds United,0,MF,0.00,0,0.00,127,0.00,24,1.42,2.13,2,0.00,64,3,2,0,au AUS,0,0.00,0,0,2,Jacob Burns
450,0,Charlton Athletic,1,DF,0.73,3,0.00,124,0.00,30,0.00,2.18,0,0.00,41,3,0,0,eng ENG,0,0.00,0,0,3,Steve Brown
451,0,West Ham United,3,MF,2.27,10,0.76,119,0.00,31,0.00,2.27,0,0.00,12,3,0,1,sco SCO,0,0.76,0,0,10,Don Hutchison
452,0,West Bromwich Albion,2,FW,1.58,2,0.00,114,0.00,35,0.79,1.58,1,0.00,29,2,2,0,eng ENG,0,0.00,0,0,4,Bob Taylor
453,0,Sunderland,0,MF,0.00,2,0.00,111,0.00,23,0.00,0.00,0,0.00,37,0,1,0,wal WAL,0,0.00,0,0,3,John Oster
454,1,Blackburn Rovers,3,"MF,FW",2.45,2,0.82,110,0.82,32,0.00,1.64,0,0.82,37,2,1,0,eng ENG,0,0.82,0,0,3,Craig Hignett
455,0,Manchester City,2,MF,1.67,2,0.00,108,0.00,20,0.00,0.83,0,0.00,36,1,1,0,eng ENG,0,0.00,0,0,3,Chris Shuker
456,0,Sunderland,0,GK,0.00,1,0.00,104,0.00,28,0.00,0.00,0,0.00,52,0,1,0,no NOR,0,0.00,0,0,2,Thomas Myhre
457,0,Liverpool,3,FW,2.67,2,0.00,101,0.00,19,0.00,0.89,0,0.00,34,1,1,0,eng ENG,0,0.00,0,0,3,Neil Mellor
458,0,Manchester City,0,FW,0.00,5,0.00,96,0.00,24,0.00,0.94,0,0.00,19,1,0,0,ie IRL,0,0.00,0,0,5,Jon Macken
459,0,Birmingham City,0,DF,0.00,0,0.00,90,0.00,20,0.00,0.00,0,0.00,90,0,1,0,eng ENG,0,0.00,0,0,1,Joey Hutchinson
460,0,Everton,0,GK,0.00,0,0.00,90,0.00,24,0.00,0.00,0,0.00,90,0,1,0,no NOR,0,0.00,0,0,1,Espen Baardsen
461,0,Middlesbrough,0,DF,0.00,0,0.00,90,0.00,17,0.00,2.00,0,0.00,90,2,1,0,eng ENG,0,0.00,0,0,1,Andrew Davies
462,0,Everton,0,"FW,MF",0.00,0,0.00,90,0.00,24,1.00,4.00,1,0.00,90,4,1,0,cn CHN,0,0.00,0,0,1,Li Tie
463,0,Arsenal,0,"DF,MF",0.00,0,0.00,90,0.00,18,0.00,1.00,0,0.00,90,1,1,0,eng ENG,0,0.00,0,0,1,Ryan Garry
464,0,Birmingham City,0,GK,0.00,0,0.00,90,0.00,31,0.00,0.00,0,0.00,90,0,1,0,wal WAL,0,0.00,0,0,1,Andy Marriott
465,0,Blackburn Rovers,0,GK,0.00,0,0.00,90,0.00,33,0.00,0.00,0,0.00,90,0,1,0,ie IRL,0,0.00,0,0,1,Alan Kelly Jr.
466,0,Blackburn Rovers,2,FW,2.14,7,0.00,84,0.00,24,0.00,1.07,0,0.00,12,1,0,0,eng ENG,0,0.00,0,0,7,Matt Jansen
467,0,Bolton Wanderers,0,DF,0.00,2,0.00,75,0.00,17,0.00,1.20,0,0.00,38,1,0,0,eng ENG,0,0.00,0,0,2,Danny Livesey
468,0,Birmingham City,0,DF,0.00,0,0.00,68,0.00,28,0.00,2.65,0,0.00,68,2,1,0,sn SEN,0,0.00,0,0,1,Ferdinand Coly
469,0,West Ham United,0,MF,0.00,7,0.00,66,0.00,35,1.36,2.73,1,0.00,9,2,0,0,eng ENG,0,0.00,0,0,7,John Moncur
470,0,West Ham United,0,FW,0.00,4,0.00,62,0.00,29,0.00,0.00,0,0.00,16,0,0,0,gn GUI,0,0.00,0,0,4,Titi Camara
471,0,Manchester City,0,DF,0.00,0,0.00,61,0.00,20,0.00,0.00,0,0.00,61,0,1,0,dk DEN,0,0.00,0,0,1,Mikkel Bischoff
472,0,Sunderland,0,MF,0.00,2,0.00,59,0.00,17,0.00,0.00,0,0.00,30,0,0,0,ie IRL,0,0.00,0,0,2,Richie Ryan
473,0,Charlton Athletic,0,GK,0.00,1,0.00,58,0.00,27,0.00,0.00,0,0.00,58,0,0,0,eng ENG,0,0.00,0,0,1,Ben Roberts
474,0,Middlesbrough,0,MF,0.00,2,0.00,57,0.00,18,0.00,0.00,0,0.00,29,0,0,0,eng ENG,0,0.00,0,0,2,Stewart Downing
475,0,Fulham,1,MF,1.61,5,1.61,56,0.00,28,0.00,4.82,0,0.00,11,3,0,1,lv LVA,0,1.61,0,0,5,Andrejs Štolcers
476,0,Charlton Athletic,0,"MF,DF",0.00,3,0.00,53,0.00,28,0.00,1.70,0,0.00,18,1,0,0,se SWE,0,0.00,0,0,3,Jesper Blomqvist
477,0,Fulham,0,FW,0.00,2,0.00,52,0.00,20,0.00,0.00,0,0.00,26,0,0,0,kn SKN,0,0.00,0,0,2,Calum Willock
478,0,Everton,1,MF,1.73,4,0.00,52,0.00,25,0.00,0.00,0,0.00,13,0,0,0,br BRA,0,0.00,0,0,4,Rodrigo Beckham
479,0,Leeds United,0,MF,0.00,4,0.00,49,0.00,19,0.00,1.84,0,0.00,12,1,0,0,eng ENG,0,0.00,0,0,4,Jamie McMaster
480,0,Blackburn Rovers,0,MF,0.00,1,0.00,46,0.00,19,0.00,3.91,0,0.00,23,2,1,0,gy GUY,0,0.00,0,0,2,Neil Danns
481,0,Manchester United,0,GK,0.00,1,0.00,45,0.00,26,0.00,0.00,0,0.00,45,0,0,0,pt POR,0,0.00,0,0,1,Ricardo
482,0,Sunderland,0,MF,0.00,1,0.00,44,0.00,20,0.00,2.05,0,0.00,44,1,0,0,eng ENG,0,0.00,0,0,1,Jonjo Dickman
483,0,Birmingham City,0,MF,0.00,3,0.00,43,0.00,22,0.00,2.09,0,0.00,14,1,0,0,eng ENG,0,0.00,0,0,3,Curtis Woodhouse
484,0,Manchester United,0,"DF,MF",0.00,2,0.00,41,0.00,17,0.00,2.20,0,0.00,21,1,0,0,eng ENG,0,0.00,0,0,2,Kieran Richardson
485,0,Birmingham City,0,MF,0.00,1,0.00,38,0.00,30,0.00,7.11,0,0.00,38,3,0,0,pl POL,0,0.00,0,0,1,Piotr Świerczewski
486,0,Liverpool,0,MF,0.00,2,0.00,37,0.00,28,0.00,0.00,0,0.00,19,0,0,0,"cs TCH,cz CZE",0,0.00,0,0,2,Patrik Berger
487,0,Bolton Wanderers,1,"MF,FW",2.50,4,0.00,36,0.00,18,0.00,2.50,0,0.00,9,1,0,0,ie IRL,0,0.00,0,0,4,Jonathan Walters
488,0,Southampton,0,"DF,MF",0.00,1,0.00,34,0.00,35,0.00,2.65,0,0.00,34,1,0,0,"ru RUS,su URS",0,0.00,0,0,1,Andrei Kanchelskis
489,0,Middlesbrough,0,"FW,MF",0.00,2,0.00,33,0.00,33,0.00,2.73,0,0.00,17,1,0,0,eng ENG,0,0.00,0,0,2,Dean Windass
490,0,Aston Villa,0,MF,0.00,3,0.00,29,0.00,20,0.00,0.00,0,0.00,10,0,0,0,eng ENG,0,0.00,0,0,3,Stephen Cooke
491,0,Blackburn Rovers,0,MF,0.00,2,0.00,28,0.00,24,0.00,3.21,0,0.00,14,1,0,0,ie IRL,0,0.00,0,0,2,Alan Mahon
492,0,Manchester United,0,FW,0.00,1,0.00,27,0.00,19,0.00,0.00,0,0.00,27,0,0,0,eng ENG,0,0.00,0,0,1,Nick Chadwick
493,0,Sunderland,0,DF,0.00,1,0.00,26,0.00,19,0.00,0.00,0,0.00,26,0,0,0,eng ENG,0,0.00,0,0,1,Ben Clark
494,1,Arsenal,1,"FW,MF",3.60,3,3.60,25,3.60,19,0.00,0.00,0,3.60,8,0,0,0,fr FRA,0,3.60,0,0,3,Jérémie Aliadière
495,0,Fulham,0,MF,0.00,5,0.00,24,0.00,34,0.00,0.00,0,0.00,5,0,0,0,sco SCO,0,0.00,0,0,5,John Collins
496,0,Bolton Wanderers,1,"FW,MF",3.91,2,0.00,23,0.00,22,0.00,11.74,0,0.00,12,3,0,0,jm JAM,0,0.00,0,0,2,Jermaine Johnson
497,0,Manchester City,0,DF,0.00,1,0.00,21,0.00,20,0.00,0.00,0,0.00,21,0,0,0,eng ENG,0,0.00,0,0,1,Stephen Jordan
498,0,Manchester United,0,DF,0.00,1,0.00,21,0.00,21,0.00,4.29,0,0.00,21,1,0,0,eng ENG,0,0.00,0,0,1,Lee Roche
499,0,West Ham United,0,DF,0.00,1,0.00,19,0.00,28,0.00,4.74,0,0.00,19,1,0,0,sk SVK,0,0.00,0,0,1,Vladimír Labant
500,0,Newcastle United,0,DF,0.00,2,0.00,18,0.00,28,0.00,5.00,0,0.00,9,1,0,0,eng ENG,0,0.00,0,0,2,Robbie Elliott
501,0,Arsenal,0,DF,0.00,1,0.00,14,0.00,22,0.00,6.43,0,0.00,14,1,0,0,gr GRE,0,0.00,0,0,1,Stathis Tavlaridis
502,0,Blackburn Rovers,0,FW,0.00,1,0.00,12,0.00,17,0.00,7.50,0,0.00,12,1,0,0,sco SCO,0,0.00,0,0,1,Paul Gallagher
503,0,Liverpool,0,DF,0.00,1,0.00,11,0.00,21,0.00,8.18,0,0.00,11,1,0,0,fr FRA,0,0.00,0,0,1,Grégory Vignal
504,0,Tottenham Hotspur,0,FW,0.00,1,0.00,11,0.00,17,0.00,0.00,0,0.00,11,0,0,0,eng ENG,0,0.00,0,0,1,Jamie Slabber
505,0,Tottenham Hotspur,0,MF,0.00,1,0.00,10,0.00,18,0.00,27.00,0,0.00,10,3,0,0,be BEL,0,0.00,0,0,1,Jonathan Blondel
506,0,Birmingham City,0,"FW,MF",0.00,1,0.00,9,0.00,19,0.00,0.00,0,0.00,9,0,0,0,eng ENG,0,0.00,0,0,1,Craig Fagan
507,0,Newcastle United,0,FW,0.00,1,0.00,8,0.00,18,0.00,0.00,0,0.00,8,0,0,0,eng ENG,0,0.00,0,0,1,Michael Chopra
508,0,Birmingham City,0,,0.00,1,0.00,7,0.00,,0.00,0.00,0,0.00,7,0,0,0,,0,0.00,0,0,1,Gus Horsfield
509,0,Birmingham City,0,FW,0.00,1,0.00,5,0.00,30,0.00,18.00,0,0.00,5,1,0,0,eng ENG,0,0.00,0,0,1,Tommy Mooney
510,0,Leeds United,0,DF,0.00,2,0.00,5,0.00,18,0.00,0.00,0,0.00,3,0,0,0,eng ENG,0,0.00,0,0,2,Matthew Kilgallon
511,0,Manchester United,0,"MF,DF",0.00,1,0.00,5,0.00,19,0.00,0.00,0,0.00,5,0,0,0,eng ENG,0,0.00,0,0,1,Danny Pugh
512,0,Bolton Wanderers,0,MF,0.00,1,0.00,5,0.00,23,0.00,18.00,0,0.00,5,1,0,0,tr TUR,0,0.00,0,0,1,Bülent Akın
513,0,Chelsea,0,"DF,MF",0.00,3,0.00,4,0.00,18,0.00,0.00,0,0.00,1,0,0,0,pt POR,0,0.00,0,0,3,Filipe Oliveira
514,0,Middlesbrough,0,MF,0.00,1,0.00,3,0.00,22,30.00,30.00,1,0.00,3,1,0,0,eng ENG,0,0.00,0,0,1,John Eustace
515,0,Newcastle United,0,"MF,DF",0.00,1,0.00,3,0.00,23,0.00,0.00,0,0.00,3,0,0,0,eng ENG,0,0.00,0,0,1,Jamie McClen
516,0,Newcastle United,0,FW,0.00,1,0.00,3,0.00,24,0.00,0.00,0,0.00,3,0,0,0,gy GUY,0,0.00,0,0,1,Carl Cort
517,0,Everton,0,MF,0.00,2,0.00,2,0.00,21,0.00,45.00,0,0.00,1,1,0,0,eng ENG,0,0.00,0,0,2,Leon Osman
518,0,Manchester United,0,DF,0.00,1,0.00,1,0.00,32,0.00,0.00,0,0.00,1,0,0,0,eng ENG,0,0.00,0,0,1,David May
519,0,Manchester United,0,MF,0.00,1,0.00,1,0.00,21,0.00,0.00,0,0.00,1,0,0,0,sco SCO,0,0.00,0,0,1,Michael Stewart
520,0,Charlton Athletic,0,MF,0.00,1,0.00,1,0.00,19,0.00,0.00,0,0.00,1,0,0,0,eng ENG,0,0.00,0,0,1,Joe Keenan
521,0,Arsenal,0,DF,0.00,1,0.00,1,0.00,17,0.00,0.00,0,0.00,1,0,0,0,tt TRI,0,0.00,0,0,1,Justin Hoyte
