,pens_made,goals_assists_per90,position,fouls,goals,player,goals_assists_pens_per90,squad,goals_per90,minutes_per_game,games_starts,games_subs,cards_per90,shots_on_target_per90,goals_pens_per90,games,cards_yellow,cards_red,nationality,assists,minutes,fouls_per90,age,shots_on_target,pens_att
0,0,0.00,GK,0,0,Kasper Schmeichel,0.00,Leicester City,0.00,90,38,0,0.05,0.00,0.00,38,2,0,dk DEN,0,"3,420",0.00,28,0,0
1,0,0.08,MF,26,0,Andrew Surman,0.08,Bournemouth,0.00,90,38,0,0.11,0.00,0.00,38,4,0,eng ENG,3,"3,420",0.68,28,0,0
2,0,0.05,DF,27,2,Wes Morgan,0.05,Leicester City,0.05,90,38,0,0.08,0.16,0.05,38,3,0,jm JAM,0,"3,420",0.71,31,6,0
3,0,0.16,DF,9,4,Toby Alderweireld,0.16,Tottenham Hotspur,0.11,90,38,0,0.08,0.37,0.11,38,3,0,be BEL,2,"3,419",0.24,26,14,0
4,0,0.00,GK,0,0,Heurelho Gomes,0.00,Watford,0.00,89,38,0,0.11,0.00,0.00,38,4,0,br BRA,0,"3,396",0.00,34,0,0
5,0,0.11,DF,35,0,Simon Francis,0.11,Bournemouth,0.00,89,38,0,0.16,0.03,0.00,38,5,1,eng ENG,4,"3,387",0.93,30,1,0
6,0,0.11,DF,28,4,Craig Dawson,0.11,West Bromwich Albion,0.11,89,38,0,0.08,0.21,0.11,38,3,0,eng ENG,0,"3,384",0.74,25,8,0
7,0,0.11,MF,18,1,Darren Fletcher,0.11,West Bromwich Albion,0.03,89,38,0,0.08,0.11,0.03,38,3,0,sco SCO,3,"3,374",0.48,31,4,0
8,5,0.70,FW,42,25,Harry Kane,0.56,Tottenham Hotspur,0.67,88,38,0,0.13,2.01,0.54,38,5,0,eng ENG,1,"3,361",1.12,22,75,5
9,0,0.00,GK,0,0,Hugo Lloris,0.00,Tottenham Hotspur,0.00,90,37,0,0.00,0.00,0.00,37,0,0,fr FRA,0,"3,330",0.00,28,0,0
10,0,0.00,GK,0,0,Łukasz Fabiański,0.00,Swansea City,0.00,90,37,0,0.03,0.00,0.00,37,1,0,pl POL,0,"3,330",0.00,30,0,0
11,0,0.16,DF,22,2,Aaron Cresswell,0.16,West Ham United,0.05,90,37,0,0.03,0.19,0.05,37,1,0,eng ENG,4,"3,314",0.60,25,7,0
12,6,0.55,FW,50,13,Troy Deeney,0.38,Watford,0.36,87,36,2,0.16,0.85,0.19,38,6,0,eng ENG,7,"3,291",1.37,27,31,7
13,2,0.22,DF,10,3,Charlie Daniels,0.16,Bournemouth,0.08,89,37,0,0.05,0.19,0.03,37,2,0,eng ENG,5,"3,285",0.27,28,7,2
14,0,0.14,"DF,MF",52,3,Eric Dier,0.14,Tottenham Hotspur,0.08,88,37,0,0.28,0.19,0.08,37,10,0,eng ENG,2,"3,263",1.43,21,7,0
15,0,0.08,DF,28,0,Nacho Monreal,0.08,Arsenal,0.00,88,36,1,0.03,0.11,0.00,37,1,0,es ESP,3,"3,249",0.78,29,4,0
16,0,0.08,DF,30,2,Ashley Williams,0.08,Swansea City,0.06,90,36,0,0.22,0.17,0.06,36,8,0,wal WAL,1,"3,240",0.83,30,6,0
17,0,0.17,DF,19,1,Héctor Bellerín,0.17,Arsenal,0.03,90,36,0,0.08,0.08,0.03,36,3,0,es ESP,5,"3,240",0.53,20,3,0
18,0,0.22,MF,50,1,Moussa Sissoko,0.22,Newcastle United,0.03,87,37,0,0.08,0.34,0.03,37,3,0,fr FRA,7,"3,217",1.40,25,12,0
19,0,0.14,DF,38,2,César Azpilicueta,0.14,Chelsea,0.06,87,36,1,0.20,0.14,0.06,37,7,0,es ESP,3,"3,199",1.07,25,5,0
20,3,0.31,MF,36,7,Mark Noble,0.23,West Ham United,0.20,86,37,0,0.25,0.34,0.11,37,8,1,eng ENG,4,"3,196",1.01,28,12,3
21,0,0.11,"DF,MF",16,4,Steve Cook,0.11,Bournemouth,0.11,89,36,0,0.14,0.23,0.11,36,5,0,eng ENG,0,"3,195",0.45,24,8,0
22,0,0.14,MF,18,1,Yann M'Vila,0.14,Sunderland,0.03,86,36,1,0.03,0.14,0.03,37,1,0,fr FRA,4,"3,186",0.51,25,5,0
23,1,0.68,FW,30,18,Romelu Lukaku,0.65,Everton,0.51,86,36,1,0.09,1.36,0.48,37,3,0,be BEL,6,"3,169",0.85,22,48,2
24,0,0.09,DF,21,2,José Fonte,0.09,Southampton,0.06,86,37,0,0.14,0.20,0.06,37,4,1,pt POR,1,"3,166",0.60,31,7,0
25,0,0.03,MF,25,0,Glenn Whelan,0.03,Stoke City,0.00,86,37,0,0.17,0.09,0.00,37,6,0,ie IRL,1,"3,166",0.71,31,3,0
26,1,0.46,MF,16,11,Georginio Wijnaldum,0.43,Newcastle United,0.31,83,36,2,0.03,0.83,0.28,38,1,0,nl NED,5,"3,163",0.46,24,29,1
27,0,0.09,DF,35,3,Robert Huth,0.09,Leicester City,0.09,90,35,0,0.23,0.17,0.09,35,8,0,de GER,0,"3,150",1.00,30,6,0
28,0,0.17,DF,20,5,Scott Dann,0.17,Crystal Palace,0.14,90,35,0,0.20,0.31,0.14,35,7,0,eng ENG,1,"3,150",0.57,28,11,0
29,0,0.03,DF,47,0,Chris Smalling,0.03,Manchester United,0.00,90,35,0,0.23,0.06,0.00,35,8,0,eng ENG,1,"3,150",1.34,25,2,0
30,0,0.51,FW,47,15,Odion Ighalo,0.51,Watford,0.43,85,36,1,0.11,1.37,0.43,37,4,0,ng NGA,3,"3,146",1.34,26,48,0
31,5,0.86,FW,42,24,Jamie Vardy,0.72,Leicester City,0.69,87,36,0,0.20,1.52,0.55,36,6,1,eng ENG,6,"3,133",1.21,28,53,6
32,0,0.06,"MF,DF",27,1,Daley Blind,0.06,Manchester United,0.03,89,35,0,0.06,0.06,0.03,35,2,0,nl NED,1,"3,114",0.78,25,2,0
33,0,0.00,GK,0,0,Joe Hart,0.00,Manchester City,0.00,89,35,0,0.00,0.00,0.00,35,0,0,eng ENG,0,"3,109",0.00,28,0,0
34,0,0.03,DF,58,0,Erik Pieters,0.03,Stoke City,0.00,88,35,0,0.29,0.03,0.00,35,10,0,nl NED,1,"3,095",1.69,26,1,0
35,2,0.47,MF,29,8,Ross Barkley,0.41,Everton,0.23,81,36,2,0.12,0.85,0.18,38,4,0,eng ENG,8,"3,075",0.85,21,29,2
36,0,0.03,MF,68,0,Idrissa Gana Gueye,0.03,Aston Villa,0.00,88,35,0,0.29,0.12,0.00,35,10,0,sn SEN,1,"3,071",1.99,25,4,0
37,0,0.00,GK,0,0,Petr Čech,0.00,Arsenal,0.00,90,34,0,0.00,0.00,0.00,34,0,0,cz CZE,0,"3,060",0.00,33,0,0
38,0,0.00,GK,0,0,David de Gea,0.00,Manchester United,0.00,90,34,0,0.00,0.00,0.00,34,0,0,es ESP,0,"3,060",0.00,24,0,0
39,0,0.03,DF,32,1,Gareth McAuley,0.03,West Bromwich Albion,0.03,90,34,0,0.15,0.09,0.03,34,4,1,nir NIR,0,"3,060",0.94,35,3,0
40,0,0.00,GK,0,0,Simon Mignolet,0.00,Liverpool,0.00,90,34,0,0.06,0.00,0.00,34,2,0,be BEL,0,"3,060",0.00,27,0,0
41,0,0.09,DF,28,3,Virgil van Dijk,0.09,Southampton,0.09,90,34,0,0.06,0.29,0.09,34,2,0,nl NED,0,"3,060",0.82,24,10,0
42,0,0.74,MF,20,6,Mesut Özil,0.74,Arsenal,0.18,87,35,0,0.12,0.59,0.18,35,4,0,de GER,19,"3,035",0.59,26,20,0
43,4,0.83,"MF,FW",19,17,Riyad Mahrez,0.71,Leicester City,0.50,82,36,1,0.03,1.16,0.39,37,1,0,dz ALG,11,"3,034",0.56,24,39,6
44,0,0.03,DF,9,1,Craig Cathcart,0.03,Watford,0.03,87,34,1,0.09,0.06,0.03,35,3,0,nir NIR,0,"3,034",0.27,26,2,0
45,0,0.30,MF,54,3,Danny Drinkwater,0.30,Leicester City,0.09,87,35,0,0.15,0.27,0.09,35,4,1,eng ENG,7,"3,033",1.60,25,9,0
46,0,0.15,MF,43,1,N'Golo Kanté,0.15,Leicester City,0.03,82,33,4,0.09,0.15,0.03,37,3,0,fr FRA,4,"3,022",1.28,24,5,0
47,0,0.03,DF,25,0,Pape Souaré,0.03,Crystal Palace,0.00,89,34,0,0.21,0.03,0.00,34,6,1,sn SEN,1,"3,015",0.75,25,1,0
48,0,0.21,"MF,DF",36,5,Cheikhou Kouyaté,0.21,West Ham United,0.15,88,34,0,0.18,0.54,0.15,34,5,1,sn SEN,2,"3,007",1.08,25,18,0
49,0,0.15,"FW,MF",41,3,Robbie Brady,0.15,Norwich City,0.09,83,34,2,0.09,0.57,0.09,36,3,0,ie IRL,2,"2,984",1.24,23,19,0
50,0,0.30,MF,41,4,Matt Ritchie,0.30,Bournemouth,0.12,80,33,4,0.15,0.51,0.12,37,5,0,sco SCO,6,"2,973",1.24,25,17,0
51,0,0.03,DF,19,1,Nathaniel Clyne,0.03,Liverpool,0.03,90,33,0,0.18,0.18,0.03,33,6,0,eng ENG,0,"2,970",0.58,24,6,0
52,0,0.21,DF,16,4,Patrick van Aanholt,0.21,Sunderland,0.12,90,33,0,0.06,0.27,0.12,33,2,0,nl NED,3,"2,970",0.48,24,9,0
53,0,0.21,MF,27,3,Jonny Howson,0.21,Norwich City,0.09,82,33,3,0.21,0.27,0.09,36,7,0,eng ENG,4,"2,951",0.82,27,9,0
54,0,0.03,DF,38,0,Neil Taylor,0.03,Swansea City,0.00,87,33,1,0.12,0.00,0.00,34,4,0,wal WAL,1,"2,947",1.16,26,0,0
55,0,0.12,DF,29,1,Kyle Walker,0.12,Tottenham Hotspur,0.03,89,33,0,0.21,0.21,0.03,33,7,0,eng ENG,3,"2,941",0.89,25,7,0
56,0,0.58,"DF,MF",13,6,Christian Eriksen,0.58,Tottenham Hotspur,0.18,84,33,2,0.06,1.29,0.18,35,2,0,dk DEN,13,"2,933",0.40,23,42,0
57,0,0.43,"MF,FW",36,12,André Ayew,0.43,Swansea City,0.37,86,34,0,0.15,0.77,0.37,34,5,0,gh GHA,2,"2,925",1.11,25,25,0
58,0,0.00,DF,21,0,Chancel Mbemba,0.00,Newcastle United,0.00,89,33,0,0.15,0.06,0.00,33,5,0,cd COD,0,"2,923",0.65,20,2,0
59,0,0.12,DF,32,2,Branislav Ivanović,0.12,Chelsea,0.06,88,33,0,0.15,0.22,0.06,33,5,0,rs SRB,2,"2,916",0.99,31,7,0
60,3,0.43,MF,26,11,Gylfi Sigurðsson,0.34,Swansea City,0.34,81,32,4,0.19,0.99,0.25,36,6,0,is ISL,3,"2,914",0.80,25,32,3
61,2,0.37,"MF,FW",38,5,Cesc Fàbregas,0.31,Chelsea,0.16,78,33,4,0.16,0.59,0.09,37,5,0,es ESP,7,"2,895",1.18,28,19,2
62,1,0.34,"FW,MF",22,6,Juan Mata,0.31,Manchester United,0.19,76,34,4,0.19,0.69,0.16,38,5,1,es ESP,5,"2,889",0.69,27,22,1
63,1,0.12,"MF,DF",30,1,Ryan Bertrand,0.09,Southampton,0.03,90,32,0,0.19,0.06,0.00,32,6,0,eng ENG,3,"2,880",0.94,25,2,1
64,0,0.16,DF,18,2,Damien Delaney,0.16,Crystal Palace,0.06,90,32,0,0.06,0.22,0.06,32,2,0,ie IRL,3,"2,880",0.56,34,7,0
65,0,0.00,GK,0,0,Artur Boruc,0.00,Bournemouth,0.00,90,32,0,0.06,0.00,0.00,32,2,0,pl POL,0,"2,880",0.00,35,0,0
66,0,0.06,DF,31,1,Federico Fernández,0.06,Swansea City,0.03,90,32,0,0.09,0.09,0.03,32,3,0,ar ARG,1,"2,880",0.97,26,3,0
67,0,0.00,GK,0,0,Adrián,0.00,West Ham United,0.00,90,32,0,0.06,0.00,0.00,32,1,1,es ESP,0,"2,880",0.00,28,0,0
68,0,0.03,MF,62,0,Claudio Yacob,0.03,West Bromwich Albion,0.00,84,33,1,0.28,0.00,0.00,34,9,0,ar ARG,1,"2,846",1.96,28,0,0
69,0,0.13,DF,31,4,Laurent Koscielny,0.13,Arsenal,0.13,86,33,0,0.09,0.25,0.13,33,3,0,fr FRA,0,"2,845",0.98,29,8,0
70,0,0.03,MF,42,0,Gareth Barry,0.03,Everton,0.00,86,32,1,0.22,0.13,0.00,33,6,1,eng ENG,1,"2,837",1.33,34,4,0
71,0,0.06,MF,36,2,Ben Watson,0.06,Watford,0.06,81,31,4,0.16,0.13,0.06,35,5,0,eng ENG,0,"2,816",1.15,30,4,0
72,0,0.03,MF,53,0,Étienne Capoue,0.03,Watford,0.00,85,33,0,0.22,0.26,0.00,33,7,0,fr FRA,1,"2,814",1.70,27,8,0
73,3,0.55,"FW,MF",49,11,Marko Arnautović,0.45,Stoke City,0.35,83,33,1,0.06,0.71,0.26,34,2,0,at AUT,6,"2,807",1.57,26,22,3
74,0,0.03,DF,24,1,Sébastien Bassong,0.03,Norwich City,0.03,87,30,2,0.13,0.10,0.03,32,4,0,cm CMR,0,"2,790",0.77,29,3,0
75,0,0.00,GK,0,0,Jack Butland,0.00,Stoke City,0.00,90,31,0,0.00,0.00,0.00,31,0,0,eng ENG,0,"2,790",0.00,22,0,0
76,0,0.00,DF,11,0,John Stones,0.00,Everton,0.00,84,31,2,0.10,0.03,0.00,33,3,0,eng ENG,0,"2,779",0.36,21,1,0
77,0,0.20,DF,29,2,Daryl Janmaat,0.20,Newcastle United,0.07,86,32,0,0.23,0.26,0.07,32,6,1,nl NED,4,"2,752",0.95,26,8,0
78,0,0.26,MF,21,2,Marc Albrighton,0.26,Leicester City,0.07,72,34,4,0.13,0.36,0.07,38,4,0,eng ENG,6,"2,749",0.69,25,11,0
79,0,0.36,MF,25,5,Willian,0.36,Chelsea,0.16,78,32,3,0.16,0.66,0.16,35,5,0,br BRA,6,"2,739",0.82,26,20,0
80,0,0.13,MF,55,2,Fernandinho,0.13,Manchester City,0.07,83,31,2,0.26,0.13,0.07,33,8,0,br BRA,2,"2,729",1.81,30,4,0
81,0,0.13,MF,30,2,Ashley Westwood,0.13,Aston Villa,0.07,85,31,1,0.20,0.30,0.07,32,6,0,eng ENG,2,"2,717",0.99,25,9,0
82,0,0.13,"DF,MF",33,0,Christian Fuchs,0.13,Leicester City,0.00,85,30,2,0.13,0.27,0.00,32,4,0,at AUT,4,"2,711",1.10,29,8,0
83,0,0.10,DF,32,3,Russell Martin,0.10,Norwich City,0.10,90,30,0,0.17,0.20,0.10,30,4,1,sco SCO,0,"2,698",1.07,29,6,0
84,0,0.10,"DF,MF",36,2,Joel Ward,0.10,Crystal Palace,0.07,90,30,0,0.13,0.20,0.07,30,4,0,eng ENG,1,"2,691",1.20,25,6,0
85,3,0.20,MF,38,5,Yohan Cabaye,0.10,Crystal Palace,0.17,82,32,1,0.23,0.70,0.07,33,7,0,fr FRA,1,"2,689",1.27,29,21,4
86,0,0.00,DF,17,0,Philipp Wollscheid,0.00,Stoke City,0.00,87,30,1,0.07,0.00,0.00,31,2,0,de GER,0,"2,684",0.57,26,0,0
87,0,0.03,DF,31,1,Nicolás Otamendi,0.03,Manchester City,0.03,89,30,0,0.30,0.27,0.03,30,9,0,ar ARG,0,"2,671",1.04,27,8,0
88,0,0.51,FW,40,11,Anthony Martial,0.51,Manchester United,0.38,85,29,2,0.07,0.85,0.38,31,2,0,fr FRA,4,"2,632",1.37,19,25,0
89,0,0.31,MF,47,5,Aaron Ramsey,0.31,Arsenal,0.17,85,29,2,0.14,0.72,0.17,31,4,0,wal WAL,4,"2,623",1.61,24,21,0
90,0,0.17,MF,34,2,Jason Puncheon,0.17,Crystal Palace,0.07,84,31,0,0.10,0.48,0.07,31,3,0,eng ENG,3,"2,615",1.17,29,14,0
91,0,0.00,DF,29,0,Danny Simpson,0.00,Leicester City,0.00,87,30,0,0.17,0.07,0.00,30,4,1,eng ENG,0,"2,610",1.00,28,2,0
92,0,0.00,GK,0,0,Wayne Hennessey,0.00,Crystal Palace,0.00,90,29,0,0.03,0.00,0.00,29,1,0,wal WAL,0,"2,610",0.00,28,0,0
93,0,0.28,MF,18,5,Steven Davis,0.28,Southampton,0.17,77,31,3,0.14,0.31,0.17,34,4,0,nir NIR,3,"2,602",0.62,30,9,0
94,0,0.59,"MF,FW",44,11,Sadio Mané,0.59,Southampton,0.38,70,30,7,0.24,1.18,0.38,37,5,2,sn SEN,6,"2,597",1.52,23,34,1
95,0,0.00,DF,17,0,Jan Vertonghen,0.00,Tottenham Hotspur,0.00,89,29,0,0.17,0.07,0.00,29,5,0,be BEL,0,"2,594",0.59,28,2,0
96,0,0.07,DF,23,1,Jonny Evans,0.07,West Bromwich Albion,0.03,86,30,0,0.14,0.03,0.03,30,4,0,nir NIR,1,"2,590",0.80,27,1,0
97,0,0.74,"MF,FW",13,9,Dimitri Payet,0.74,West Ham United,0.32,86,29,1,0.11,0.98,0.32,30,3,0,fr FRA,12,"2,568",0.46,28,28,0
98,0,0.39,FW,34,9,Salomón Rondón,0.39,West Bromwich Albion,0.32,75,30,4,0.07,0.70,0.32,34,1,1,ve VEN,2,"2,555",1.20,25,20,0
99,1,0.56,FW,17,15,Jermain Defoe,0.53,Sunderland,0.53,77,28,5,0.11,1.38,0.49,33,3,0,eng ENG,1,"2,550",0.60,32,39,1
100,0,0.18,"DF,MF",29,1,Alberto Moreno,0.18,Liverpool,0.04,80,28,4,0.11,0.28,0.04,32,3,0,es ESP,4,"2,548",1.02,23,8,0
101,0,0.11,"DF,MF",29,1,Jack Cork,0.11,Swansea City,0.04,73,28,7,0.11,0.21,0.04,35,3,0,eng ENG,2,"2,546",1.03,26,6,0
102,0,0.00,GK,0,0,Brad Guzan,0.00,Aston Villa,0.00,90,28,0,0.07,0.00,0.00,28,2,0,us USA,0,"2,520",0.00,30,0,0
103,0,0.07,MF,50,1,Victor Wanyama,0.07,Southampton,0.04,83,29,1,0.32,0.18,0.04,30,6,3,ke KEN,1,"2,498",1.80,24,5,0
104,0,0.04,"MF,DF",36,1,Emre Can,0.04,Liverpool,0.04,83,28,2,0.33,0.47,0.04,30,9,0,de GER,0,"2,491",1.30,21,13,0
105,0,0.11,"FW,MF",40,2,Wilfried Zaha,0.11,Crystal Palace,0.07,73,30,4,0.18,0.33,0.07,34,5,0,eng ENG,1,"2,488",1.45,22,9,0
106,0,0.69,MF,49,10,Dele Alli,0.69,Tottenham Hotspur,0.36,75,28,5,0.26,1.02,0.36,33,7,0,eng ENG,9,"2,470",1.79,19,28,0
107,0,0.04,DF,36,0,Allan Nyom,0.04,Watford,0.00,77,29,3,0.29,0.04,0.00,32,8,0,cm CMR,1,"2,469",1.31,27,1,0
108,0,0.11,DF,17,0,Bacary Sagna,0.11,Manchester City,0.00,87,27,1,0.15,0.07,0.00,28,4,0,fr FRA,3,"2,448",0.62,32,2,0
109,0,0.15,"DF,MF",31,3,Dan Gosling,0.15,Bournemouth,0.11,72,28,6,0.22,0.41,0.11,34,6,0,eng ENG,1,"2,444",1.14,25,11,0
110,0,0.63,"FW,MF",32,13,Alexis Sánchez,0.63,Arsenal,0.48,81,28,2,0.04,1.40,0.48,30,1,0,cl CHI,4,"2,436",1.18,26,38,0
111,0,0.00,GK,0,0,John Ruddy,0.00,Norwich City,0.00,90,27,0,0.00,0.00,0.00,27,0,0,eng ENG,0,"2,430",0.00,28,0,0
112,1,0.82,FW,40,16,Olivier Giroud,0.78,Arsenal,0.59,64,26,12,0.07,1.59,0.56,38,2,0,fr FRA,6,"2,429",1.48,28,43,1
113,0,0.15,MF,37,2,James McCarthy,0.15,Everton,0.07,84,29,0,0.26,0.26,0.07,29,6,1,ie IRL,2,"2,429",1.37,24,7,0
114,0,0.04,"DF,MF",36,1,Leandro Bacuna,0.04,Aston Villa,0.04,78,27,4,0.26,0.34,0.04,31,7,0,cw CUW,0,"2,417",1.34,23,9,0
115,0,0.15,MF,38,2,Nemanja Matić,0.15,Chelsea,0.07,73,28,5,0.22,0.30,0.07,33,5,1,rs SRB,2,"2,415",1.42,26,8,0
116,0,0.15,MF,36,2,James McClean,0.15,West Bromwich Albion,0.07,69,28,7,0.30,0.34,0.07,35,7,1,ie IRL,2,"2,413",1.34,26,9,0
117,1,0.60,MF,47,5,James Milner,0.56,Liverpool,0.19,86,28,0,0.41,0.41,0.15,28,10,1,eng ENG,11,"2,409",1.76,29,11,1
118,1,0.52,"FW,MF",28,8,Wayne Rooney,0.49,Manchester United,0.30,86,27,1,0.15,0.94,0.26,28,4,0,eng ENG,6,"2,406",1.05,29,25,1
119,0,0.08,MF,49,1,Jack Colback,0.08,Newcastle United,0.04,82,28,1,0.41,0.15,0.04,29,11,0,eng ENG,1,"2,387",1.85,25,4,0
120,0,0.15,"MF,DF",20,1,Séamus Coleman,0.15,Everton,0.04,85,27,1,0.15,0.23,0.04,28,4,0,ie IRL,3,"2,383",0.76,26,6,0
121,0,0.68,FW,43,12,Diego Costa,0.68,Chelsea,0.46,85,27,1,0.30,1.06,0.46,28,8,0,es ESP,6,"2,373",1.63,26,28,0
122,0,0.53,"FW,MF",66,5,Érik Lamela,0.53,Tottenham Hotspur,0.19,70,28,6,0.34,0.80,0.19,34,9,0,ar ARG,9,"2,371",2.51,23,21,0
123,4,0.99,FW,20,24,Sergio Agüero,0.84,Manchester City,0.92,79,29,1,0.04,1.98,0.76,30,1,0,ar ARG,2,"2,360",0.76,27,52,5
124,0,0.00,"MF,DF",27,0,Geoff Cameron,0.00,Stoke City,0.00,79,27,3,0.04,0.08,0.00,30,0,1,us USA,0,"2,359",1.03,30,2,0
125,1,0.27,FW,48,7,Jordan Ayew,0.23,Aston Villa,0.27,78,27,3,0.27,0.80,0.23,30,6,1,gh GHA,0,"2,349",1.84,23,21,1
126,0,0.35,MF,29,6,Nathan Redmond,0.35,Norwich City,0.23,67,24,11,0.00,0.65,0.23,35,0,0,eng ENG,3,"2,341",1.11,21,17,0
127,0,0.04,DF,28,0,Alan Hutton,0.04,Aston Villa,0.00,83,26,2,0.31,0.08,0.00,28,7,1,sco SCO,1,"2,331",1.08,30,2,0
128,0,0.00,DF,21,0,Angelo Ogbonna,0.00,West Ham United,0.00,83,27,1,0.19,0.00,0.00,28,5,0,it ITA,0,"2,326",0.81,27,0,0
129,1,0.43,MF,28,6,Yaya Touré,0.39,Manchester City,0.23,73,28,4,0.12,0.93,0.19,32,3,0,ci CIV,5,"2,325",1.08,32,24,1
130,0,0.04,"DF,MF",9,1,Fabricio Coloccini,0.04,Newcastle United,0.04,88,26,0,0.08,0.12,0.04,26,1,1,ar ARG,0,"2,292",0.35,33,3,0
131,0,0.24,DF,20,3,Aleksandar Kolarov,0.24,Manchester City,0.12,79,25,4,0.12,0.39,0.12,29,3,0,rs SRB,3,"2,283",0.79,29,10,1
132,0,0.28,MF,18,0,Jesús Navas,0.28,Manchester City,0.00,67,24,10,0.04,0.32,0.00,34,1,0,es ESP,7,"2,282",0.71,29,8,0
133,1,0.79,MF,24,8,Dušan Tadić,0.75,Southampton,0.32,67,27,7,0.08,0.63,0.28,34,2,0,rs SRB,12,"2,279",0.95,26,16,1
134,0,0.16,MF,48,3,Mousa Dembélé,0.16,Tottenham Hotspur,0.12,78,27,2,0.12,0.36,0.12,29,3,0,be BEL,1,"2,265",1.91,28,9,0
135,0,0.00,GK,0,0,Tim Howard,0.00,Everton,0.00,90,25,0,0.04,0.00,0.00,25,1,0,us USA,0,"2,250",0.00,36,0,0
136,0,0.00,MF,40,0,Lee Cattermole,0.00,Sunderland,0.00,71,27,4,0.33,0.04,0.00,31,8,0,eng ENG,0,"2,210",1.63,27,1,0
137,0,0.04,MF,52,1,Morgan Schneiderlin,0.04,Manchester United,0.04,76,25,4,0.12,0.04,0.04,29,3,0,fr FRA,0,"2,205",2.12,25,1,0
138,0,0.21,DF,8,4,Ramiro Funes Mori,0.21,Everton,0.16,78,24,4,0.21,0.25,0.16,28,4,1,ar ARG,1,"2,194",0.33,24,6,0
139,0,0.29,"FW,MF",15,4,Eden Hazard,0.29,Chelsea,0.16,71,25,6,0.08,0.58,0.16,31,2,0,be BEL,3,"2,191",0.62,24,14,0
140,0,0.16,MF,41,2,James McArthur,0.16,Crystal Palace,0.08,78,26,2,0.21,0.16,0.08,28,5,0,sco SCO,2,"2,185",1.69,27,4,0
141,0,0.12,DF,11,0,Glen Johnson,0.12,Stoke City,0.00,87,25,0,0.04,0.21,0.00,25,1,0,eng ENG,3,"2,184",0.45,30,5,0
142,0,0.70,FW,38,11,Graziano Pellè,0.70,Southampton,0.46,73,23,7,0.25,1.03,0.46,30,6,0,it ITA,6,"2,175",1.57,30,25,0
143,0,0.08,DF,23,1,Winston Reid,0.08,West Ham United,0.04,89,24,0,0.21,0.21,0.04,24,5,0,nz NZL,1,"2,135",0.97,27,5,0
144,0,0.17,"MF,DF",41,1,Danny Rose,0.17,Tottenham Hotspur,0.04,89,24,0,0.30,0.17,0.04,24,7,0,eng ENG,3,"2,129",1.73,25,4,0
145,2,0.55,FW,50,9,Aleksandar Mitrović,0.47,Newcastle United,0.38,62,22,12,0.25,1.27,0.30,34,4,2,rs SRB,4,"2,118",2.12,20,30,2
146,0,0.60,FW,43,10,Shane Long,0.60,Southampton,0.43,75,23,5,0.09,0.94,0.43,28,2,0,ie IRL,4,"2,111",1.83,28,22,0
147,0,0.43,"FW,MF",27,4,Adam Lallana,0.43,Liverpool,0.17,70,23,7,0.09,0.64,0.17,30,2,0,eng ENG,6,"2,107",1.15,27,15,0
148,0,0.17,"FW,MF",19,2,Ibrahim Afellay,0.17,Stoke City,0.09,68,24,7,0.17,0.34,0.09,31,3,1,nl NED,2,"2,102",0.81,29,8,0
149,0,0.17,"DF,MF",29,1,Vurnon Anita,0.17,Newcastle United,0.04,75,24,4,0.26,0.09,0.04,28,6,0,nl NED,3,"2,101",1.24,26,2,0
150,0,0.09,DF,33,2,Adam Smith,0.09,Bournemouth,0.09,68,22,9,0.21,0.17,0.09,31,5,0,eng ENG,0,"2,100",1.41,24,4,0
151,0,0.35,MF,25,5,Yannick Bolasie,0.35,Crystal Palace,0.22,80,23,3,0.09,1.13,0.22,26,2,0,cd COD,3,"2,075",1.08,26,26,0
152,0,0.00,DF,19,0,Miguel Britos,0.00,Watford,0.00,86,24,0,0.30,0.00,0.00,24,7,0,uy URU,0,"2,073",0.82,30,0,0
153,0,0.00,GK,0,0,Boaz Myhill,0.00,West Bromwich Albion,0.00,90,23,0,0.09,0.00,0.00,23,2,0,wal WAL,0,"2,070",0.00,32,0,0
154,0,0.48,"MF,FW",27,8,Michail Antonio,0.48,West Ham United,0.35,79,23,3,0.13,0.88,0.35,26,3,0,eng ENG,3,"2,057",1.18,25,20,0
155,0,0.22,FW,31,5,Shinji Okazaki,0.22,Leicester City,0.22,57,28,8,0.04,0.53,0.22,36,1,0,jp JPN,0,"2,054",1.36,29,12,0
156,0,0.00,DF,7,0,Per Mertesacker,0.00,Arsenal,0.00,85,24,0,0.09,0.09,0.00,24,1,1,de GER,0,"2,048",0.31,30,2,0
157,0,0.35,FW,36,6,Ayoze Pérez,0.35,Newcastle United,0.26,60,22,12,0.18,0.66,0.26,34,4,0,es ESP,2,"2,048",1.58,22,15,0
158,0,0.09,DF,16,1,Micah Richards,0.09,Aston Villa,0.04,85,23,1,0.13,0.09,0.04,24,3,0,eng ENG,1,"2,044",0.70,27,2,0
159,0,0.26,MF,38,3,Craig Gardner,0.26,West Bromwich Albion,0.13,60,20,14,0.22,0.57,0.13,34,5,0,eng ENG,3,"2,038",1.68,28,13,1
160,0,0.44,"FW,MF",23,7,Pedro,0.44,Chelsea,0.31,70,24,5,0.13,0.66,0.31,29,3,0,es ESP,3,"2,033",1.02,28,15,0
161,0,0.09,DF,32,1,Billy Jones,0.09,Sunderland,0.04,85,23,1,0.35,0.18,0.04,24,8,0,eng ENG,1,"2,032",1.42,28,4,0
162,0,0.00,GK,0,0,Thibaut Courtois,0.00,Chelsea,0.00,88,23,0,0.13,0.00,0.00,23,1,2,be BEL,0,"2,020",0.00,23,0,0
163,0,0.09,DF,22,1,Jonas Olsson,0.09,West Bromwich Albion,0.04,72,25,3,0.22,0.09,0.04,28,5,0,se SWE,1,"2,013",0.98,25,2,0
164,0,0.40,MF,25,3,Xherdan Shaqiri,0.40,Stoke City,0.13,75,27,0,0.13,0.49,0.13,27,3,0,ch SUI,6,"2,012",1.12,23,11,0
165,0,0.04,DF,15,0,Younès Kaboul,0.04,Sunderland,0.00,87,22,1,0.22,0.18,0.00,23,4,1,fr FRA,1,"2,009",0.67,29,4,0
166,0,0.00,"DF,MF",19,0,John O'Shea,0.00,Sunderland,0.00,72,23,5,0.09,0.13,0.00,28,2,0,ie IRL,0,"2,009",0.85,34,3,0
167,0,0.00,DF,36,0,Eliaquim Mangala,0.00,Manchester City,0.00,87,23,0,0.36,0.04,0.00,23,8,0,fr FRA,0,"2,009",1.61,24,1,0
168,0,0.00,MF,12,0,José Manuel Jurado,0.00,Watford,0.00,74,27,0,0.13,0.45,0.00,27,3,0,es ESP,0,"2,007",0.54,29,10,0
169,0,0.72,MF,16,7,Kevin De Bruyne,0.72,Manchester City,0.31,80,22,3,0.09,1.12,0.31,25,2,0,be BEL,9,"2,002",0.72,24,25,0
170,0,0.59,"FW,MF",10,8,Philippe Coutinho,0.59,Liverpool,0.36,77,24,2,0.18,1.35,0.36,26,3,1,br BRA,5,"1,996",0.45,23,30,0
171,1,0.54,MF,19,4,Wes Hoolahan,0.50,Norwich City,0.18,66,25,5,0.05,0.36,0.14,30,1,0,ie IRL,8,"1,991",0.86,33,8,1
172,0,0.05,DF,10,1,John Terry,0.05,Chelsea,0.05,83,24,0,0.23,0.09,0.05,24,3,2,eng ENG,0,"1,988",0.45,34,2,0
173,0,0.09,MF,38,2,Almen Abdi,0.09,Watford,0.09,62,25,7,0.18,0.46,0.09,32,4,0,ch SUI,0,"1,974",1.73,28,10,0
174,0,0.78,"FW,MF",29,10,Roberto Firmino,0.78,Liverpool,0.46,64,24,7,0.05,1.14,0.46,31,1,0,br BRA,7,"1,972",1.32,23,25,0
175,0,0.00,MF,11,0,Michael Carrick,0.00,Manchester United,0.00,70,22,6,0.18,0.05,0.00,28,4,0,eng ENG,0,"1,972",0.50,34,1,0
176,0,0.09,DF,19,0,Cédric Soares,0.09,Southampton,0.00,82,23,1,0.14,0.09,0.00,24,3,0,pt POR,2,"1,965",0.87,23,2,0
177,0,0.00,"DF,MF",17,0,James Tomkins,0.00,West Ham United,0.00,78,23,2,0.14,0.05,0.00,25,3,0,eng ENG,0,"1,961",0.78,26,1,0
178,0,0.14,DF,17,2,Gary Cahill,0.14,Chelsea,0.09,85,21,2,0.09,0.18,0.09,23,2,0,eng ENG,1,"1,957",0.78,29,4,0
179,0,0.05,MF,49,0,Lucas Leiva,0.05,Liverpool,0.00,72,21,6,0.37,0.09,0.00,27,8,0,br BRA,1,"1,953",2.26,28,2,0
180,0,0.09,MF,39,2,Alexander Tettey,0.09,Norwich City,0.09,85,23,0,0.46,0.14,0.09,23,10,0,no NOR,0,"1,949",1.80,29,3,0
181,0,0.05,DF,27,1,Matteo Darmian,0.05,Manchester United,0.05,69,24,4,0.37,0.05,0.05,28,8,0,it ITA,0,"1,924",1.26,25,1,0
182,0,0.37,"FW,MF",26,6,Raheem Sterling,0.37,Manchester City,0.28,62,23,8,0.05,1.03,0.28,31,1,0,eng ENG,2,"1,920",1.22,20,22,0
183,0,0.09,DF,9,1,Kurt Zouma,0.09,Chelsea,0.05,83,21,2,0.00,0.09,0.05,23,0,0,fr FRA,1,"1,918",0.42,20,2,0
184,0,0.38,FW,37,6,Joshua King,0.38,Bournemouth,0.28,62,24,7,0.05,0.94,0.28,31,1,0,no NOR,2,"1,913",1.74,23,20,0
185,0,0.38,MF,9,6,Manuel Lanzini,0.38,West Ham United,0.28,74,23,3,0.14,0.52,0.28,26,3,0,ar ARG,2,"1,910",0.42,22,11,0
186,0,0.00,DF,23,0,Dejan Lovren,0.00,Liverpool,0.00,79,22,2,0.09,0.28,0.00,24,2,0,hr CRO,0,"1,896",1.09,26,6,0
187,0,0.05,DF,13,1,Paul Dummett,0.05,Newcastle United,0.05,82,23,0,0.14,0.05,0.05,23,3,0,wal WAL,0,"1,892",0.62,23,1,0
188,1,0.33,FW,31,5,Fabio Borini,0.29,Sunderland,0.24,73,22,4,0.29,0.86,0.19,26,6,0,it ITA,2,"1,891",1.48,24,18,1
189,0,0.00,GK,0,0,Rob Elliot,0.00,Newcastle United,0.00,90,21,0,0.05,0.00,0.00,21,1,0,ie IRL,0,"1,890",0.00,29,0,0
190,0,0.05,DF,9,1,Martin Škrtel,0.05,Liverpool,0.05,86,21,1,0.24,0.05,0.05,22,5,0,sk SVK,0,"1,885",0.43,30,1,0
191,0,0.05,"DF,MF",28,1,Nathan Aké,0.05,Watford,0.05,78,20,4,0.24,0.24,0.05,24,4,1,nl NED,0,"1,875",1.34,20,5,0
192,0,0.05,DF,9,1,Mamadou Sakho,0.05,Liverpool,0.05,84,21,1,0.05,0.05,0.05,22,1,0,fr FRA,0,"1,854",0.44,25,1,0
193,0,0.15,MF,20,2,Ki Sung-yueng,0.15,Swansea City,0.10,66,21,7,0.19,0.34,0.10,28,4,0,kr KOR,1,"1,850",0.97,26,7,0
194,0,0.00,"DF,MF",9,0,Phil Jagielka,0.00,Everton,0.00,88,21,0,0.00,0.05,0.00,21,0,0,eng ENG,0,"1,850",0.44,32,1,0
195,0,0.00,DF,14,0,Ryan Bennett,0.00,Norwich City,0.00,84,20,2,0.34,0.15,0.00,22,7,0,eng ENG,0,"1,837",0.69,25,3,0
196,0,0.25,MF,19,0,Jordan Veretout,0.25,Aston Villa,0.00,73,21,4,0.20,0.30,0.00,25,4,0,fr FRA,5,"1,820",0.94,22,6,0
197,0,0.00,DF,19,0,Àngel Rangel,0.00,Swansea City,0.00,79,20,3,0.30,0.00,0.00,23,6,0,es ESP,0,"1,820",0.94,32,0,0
198,0,0.05,DF,21,0,DeAndre Yedlin,0.05,Sunderland,0.00,79,21,2,0.10,0.05,0.00,23,2,0,us USA,1,"1,811",1.04,22,1,0
199,0,0.15,MF,18,0,Chris Brunt,0.15,West Bromwich Albion,0.00,82,20,2,0.35,0.20,0.00,22,7,0,nir NIR,3,"1,800",0.90,30,4,0
200,0,0.65,MF,19,2,David Silva,0.65,Manchester City,0.10,75,22,2,0.05,0.20,0.10,24,1,0,es ESP,11,"1,791",0.95,29,4,0
201,0,0.05,MF,33,0,John Obi Mikel,0.05,Chelsea,0.00,71,19,6,0.30,0.00,0.00,25,6,0,ng NGA,1,"1,782",1.67,28,0,0
202,0,0.10,"DF,MF",23,2,Sebastian Prödl,0.10,Watford,0.10,85,19,2,0.25,0.25,0.10,21,5,0,at AUT,0,"1,778",1.16,28,5,0
203,0,0.25,FW,36,3,Cameron Jerome,0.25,Norwich City,0.15,52,19,15,0.10,0.56,0.15,34,2,0,eng ENG,2,"1,777",1.82,28,11,0
204,0,0.15,"DF,MF",18,1,Martin Olsson,0.15,Norwich City,0.05,74,20,4,0.10,0.30,0.05,24,2,0,se SWE,2,"1,775",0.91,27,6,0
205,1,0.31,FW,21,3,Óscar Santos,0.25,Chelsea,0.15,66,20,7,0.20,0.81,0.10,27,4,0,co COL,3,"1,769",1.07,26,16,2
206,0,0.15,DF,23,0,Kyle Naughton,0.15,Swansea City,0.00,66,19,8,0.15,0.10,0.00,27,2,1,eng ENG,3,"1,769",1.17,26,2,0
207,0,0.05,DF,9,1,Gabriel Paulista,0.05,Arsenal,0.05,84,18,3,0.26,0.20,0.05,21,4,1,br BRA,0,"1,764",0.46,24,4,0
208,0,0.00,MF,40,0,Gary O'Neil,0.00,Norwich City,0.00,65,19,8,0.41,0.00,0.00,27,7,1,eng ENG,0,"1,756",2.05,32,0,0
209,0,0.21,"MF,FW",17,2,Stéphane Sessègnon,0.21,West Bromwich Albion,0.10,70,21,4,0.05,0.51,0.10,25,1,0,bj BEN,2,"1,752",0.87,31,10,0
210,0,0.21,FW,18,4,Saido Berahino,0.21,West Bromwich Albion,0.21,56,17,14,0.00,0.62,0.21,31,0,0,eng ENG,0,"1,746",0.93,21,12,2
211,0,0.42,"FW,MF",15,5,Jonathan Walters,0.42,Stoke City,0.26,64,18,9,0.05,0.62,0.26,27,1,0,ie IRL,3,"1,728",0.78,31,12,0
212,0,0.10,MF,26,2,Fernando,0.10,Manchester City,0.10,72,17,7,0.21,0.26,0.10,24,4,0,br BRA,0,"1,715",1.36,28,5,0
213,0,0.00,GK,0,0,Vito Mannone,0.00,Sunderland,0.00,90,19,0,0.11,0.00,0.00,19,2,0,it ITA,0,"1,710",0.00,27,0,0
214,1,0.32,FW,17,6,Bafétimbi Gomis,0.26,Swansea City,0.32,52,18,15,0.00,0.90,0.26,33,0,0,fr FRA,0,"1,703",0.90,29,17,1
215,2,0.42,"FW,MF",9,7,Bojan Krkić,0.32,Stoke City,0.37,63,22,5,0.11,0.80,0.27,27,2,0,es ESP,1,"1,697",0.48,24,15,2
216,0,0.00,DF,18,0,Ryan Shawcross,0.00,Stoke City,0.00,85,20,0,0.21,0.00,0.00,20,3,1,eng ENG,0,"1,696",0.96,27,0,0
217,0,0.05,"FW,MF",1,0,Ikechi Anya,0.05,Watford,0.00,60,17,11,0.00,0.05,0.00,28,0,0,sco SCO,1,"1,686",0.05,27,1,0
218,0,0.16,"MF,FW",30,2,Wayne Routledge,0.16,Swansea City,0.11,60,22,6,0.16,0.48,0.11,28,3,0,eng ENG,1,"1,672",1.61,30,9,0
219,0,0.38,FW,24,5,Rudy Gestede,0.38,Aston Villa,0.27,52,14,18,0.11,0.97,0.27,32,2,0,bj BEN,2,"1,669",1.29,26,18,0
220,0,0.05,MF,23,1,Harry Arter,0.05,Bournemouth,0.05,79,21,0,0.38,0.38,0.05,21,7,0,ie IRL,0,"1,661",1.25,25,7,0
221,0,0.00,"DF,MF",24,0,Francis Coquelin,0.00,Arsenal,0.00,63,21,5,0.38,0.00,0.00,26,6,1,fr FRA,0,"1,644",1.31,24,0,0
222,0,0.28,"FW,MF",24,4,Jesse Lingard,0.28,Manchester United,0.22,65,19,6,0.22,0.72,0.22,25,4,0,eng ENG,1,"1,632",1.32,22,13,0
223,0,0.00,GK,0,0,Fraser Forster,0.00,Southampton,0.00,90,18,0,0.00,0.00,0.00,18,0,0,eng ENG,0,"1,620",0.00,27,0,0
224,0,0.06,MF,28,1,Oriol Romeu,0.06,Southampton,0.06,56,17,12,0.39,0.45,0.06,29,7,0,es ESP,0,"1,612",1.56,23,8,0
225,0,0.33,MF,11,2,Tom Cleverley,0.33,Everton,0.11,73,17,5,0.06,0.39,0.11,22,1,0,eng ENG,4,"1,612",0.61,25,7,0
226,0,0.00,DF,13,0,Aly Cissokho,0.00,Aston Villa,0.00,89,18,0,0.22,0.17,0.00,18,3,1,fr FRA,0,"1,603",0.73,27,3,0
227,1,0.11,"FW,MF",5,2,Scott Sinclair,0.06,Aston Villa,0.11,59,19,8,0.00,0.39,0.06,27,0,0,eng ENG,0,"1,595",0.28,26,7,1
228,0,0.45,FW,17,7,Dieumerci Mbokani,0.45,Norwich City,0.39,55,15,14,0.00,0.96,0.39,29,0,0,cd COD,1,"1,595",0.96,29,17,0
229,1,0.35,MF,21,2,James Ward-Prowse,0.29,Southampton,0.12,47,14,19,0.29,0.41,0.06,33,5,0,eng ENG,4,"1,545",1.22,20,7,1
230,0,0.00,MF,36,0,Mile Jedinak,0.00,Crystal Palace,0.00,57,16,11,0.35,0.06,0.00,27,6,0,au AUS,0,"1,540",2.10,30,1,0
231,0,0.29,"MF,FW",13,5,Aaron Lennon,0.29,Everton,0.29,62,17,8,0.06,0.64,0.29,25,1,0,eng ENG,0,"1,538",0.76,28,11,0
232,0,0.00,MF,18,0,Jordy Clasie,0.00,Southampton,0.00,70,20,2,0.29,0.06,0.00,22,5,0,nl NED,0,"1,538",1.05,24,1,0
233,1,0.29,MF,28,3,Ander Herrera,0.23,Manchester United,0.18,57,17,10,0.23,0.35,0.12,27,4,0,es ESP,2,"1,532",1.64,25,6,1
234,0,0.00,GK,0,0,Costel Pantilimon,0.00,Sunderland,0.00,90,17,0,0.18,0.00,0.00,17,3,0,ro ROU,0,"1,530",0.00,28,0,0
235,0,0.00,GK,0,0,Maarten Stekelenburg,0.00,Southampton,0.00,90,17,0,0.00,0.00,0.00,17,0,0,nl NED,0,"1,530",0.00,32,0,0
236,1,0.71,FW,29,9,Christian Benteke,0.65,Liverpool,0.53,53,14,15,0.12,1.18,0.47,29,2,0,be BEL,3,"1,529",1.71,24,20,1
237,0,0.00,MF,14,0,Leon Britton,0.00,Swansea City,0.00,61,19,6,0.24,0.00,0.00,25,4,0,eng ENG,0,"1,520",0.83,32,0,0
238,0,0.36,FW,19,5,Diafra Sakho,0.36,West Ham United,0.30,72,18,3,0.18,1.07,0.30,21,3,0,sn SEN,1,"1,519",1.13,25,18,0
239,0,0.12,"MF,FW",20,2,Memphis Depay,0.12,Manchester United,0.12,51,16,13,0.12,1.03,0.12,29,2,0,nl NED,0,"1,484",1.21,21,17,0
240,1,0.18,DF,6,2,Leighton Baines,0.12,Everton,0.12,82,16,2,0.00,0.18,0.06,18,0,0,eng ENG,1,"1,479",0.37,30,3,1
241,0,0.56,FW,15,5,Arouna Koné,0.56,Everton,0.31,58,16,9,0.06,0.87,0.31,25,1,0,ci CIV,4,"1,456",0.93,31,14,0
242,0,0.06,"DF,MF",14,1,Ciaran Clark,0.06,Aston Villa,0.06,80,16,2,0.37,0.12,0.06,18,6,0,ie IRL,0,"1,442",0.87,25,2,0
243,0,0.00,DF,12,0,James Collins,0.00,West Ham United,0.00,76,16,3,0.25,0.25,0.00,19,3,1,wal WAL,0,"1,441",0.75,31,4,0
244,1,0.69,FW,38,9,Andy Carroll,0.62,West Ham United,0.56,53,13,14,0.12,1.56,0.50,27,2,0,eng ENG,2,"1,440",2.37,26,25,1
245,0,0.13,"MF,FW",3,2,Carles Gil,0.13,Aston Villa,0.13,62,17,6,0.19,0.31,0.13,23,3,0,es ESP,0,"1,435",0.19,22,5,0
246,0,0.31,MF,11,3,Junior Stanislas,0.31,Bournemouth,0.19,68,17,4,0.06,0.63,0.19,21,1,0,eng ENG,2,"1,435",0.69,25,10,0
247,0,0.00,GK,0,0,Asmir Begović,0.00,Chelsea,0.00,82,15,2,0.00,0.00,0.00,17,0,0,ba BIH,0,"1,399",0.00,28,0,0
248,0,0.19,"MF,DF,FW",15,1,Jeffrey Schlupp,0.19,Leicester City,0.06,58,14,10,0.26,0.39,0.06,24,4,0,gh GHA,2,"1,387",0.97,22,6,0
249,0,0.65,"FW,MF",3,2,Gerard Deulofeu,0.65,Everton,0.13,53,16,10,0.13,0.39,0.13,26,2,0,es ESP,8,"1,383",0.20,21,6,0
250,0,0.46,"FW,MF",3,5,Theo Walcott,0.46,Arsenal,0.33,49,15,13,0.00,1.44,0.33,28,0,0,eng ENG,2,"1,373",0.20,26,22,0
251,0,0.00,MF,25,0,Carlos Sánchez,0.00,Aston Villa,0.00,68,16,4,0.20,0.26,0.00,20,3,0,co COL,0,"1,367",1.65,29,4,0
252,0,0.13,"FW,MF",11,0,Jefferson Montero,0.13,Swansea City,0.00,59,14,9,0.00,0.40,0.00,23,0,0,ec ECU,2,"1,355",0.73,25,6,0
253,0,0.00,GK,0,0,Ben Foster,0.00,West Bromwich Albion,0.00,90,15,0,0.07,0.00,0.00,15,1,0,eng ENG,0,"1,350",0.00,32,0,0
254,0,0.40,"FW,MF",7,3,James Morrison,0.40,West Bromwich Albion,0.20,74,17,1,0.20,0.81,0.20,18,3,0,sco SCO,3,"1,338",0.47,29,12,1
255,0,0.34,"MF,FW",10,3,Marc Pugh,0.34,Bournemouth,0.20,51,15,11,0.07,0.74,0.20,26,1,0,eng ENG,2,"1,337",0.67,28,11,0
256,1,0.55,"FW,MF",32,5,Connor Wickham,0.48,Crystal Palace,0.34,63,15,6,0.07,0.61,0.27,21,1,0,eng ENG,3,"1,320",2.18,22,9,1
257,0,0.21,DF,5,2,Lamine Koné,0.21,Sunderland,0.14,88,15,0,0.00,0.27,0.14,15,0,0,ci CIV,1,"1,314",0.34,26,4,0
258,0,0.42,"FW,MF",27,3,Jeremain Lens,0.42,Sunderland,0.21,65,14,6,0.35,0.49,0.21,20,4,1,nl NED,3,"1,294",1.88,27,7,0
259,0,0.14,DF,16,0,Ben Davies,0.14,Tottenham Hotspur,0.00,76,14,3,0.21,0.14,0.00,17,3,0,wal WAL,2,"1,291",1.12,22,2,0
260,0,0.21,MF,13,0,Santi Cazorla,0.21,Arsenal,0.00,86,15,0,0.28,0.56,0.00,15,3,1,es ESP,3,"1,291",0.91,30,8,1
261,0,0.35,MF,10,2,Jordan Henderson,0.35,Liverpool,0.14,76,15,2,0.07,0.42,0.14,17,1,0,eng ENG,3,"1,290",0.70,25,6,0
262,0,0.07,"MF,FW",15,0,Graham Dorrans,0.07,Norwich City,0.00,61,14,7,0.14,0.21,0.00,21,2,0,sco SCO,1,"1,287",1.05,28,3,0
263,0,0.07,"DF,MF",33,0,Valon Behrami,0.07,Watford,0.00,61,14,7,0.28,0.00,0.00,21,3,1,ch SUI,1,"1,279",2.32,30,0,0
264,0,0.42,FW,22,5,Mame Biram Diouf,0.42,Stoke City,0.35,49,12,14,0.21,1.20,0.35,26,3,0,sn SEN,1,"1,278",1.55,27,17,0
265,0,0.14,MF,17,2,Giannelli Imbula,0.14,Stoke City,0.14,90,14,0,0.29,0.36,0.14,14,4,0,fr FRA,0,"1,260",1.21,22,5,0
266,0,0.07,DF,20,0,Marcos Rojo,0.07,Manchester United,0.00,78,15,1,0.22,0.07,0.00,16,3,0,ar ARG,1,"1,249",1.44,25,1,0
267,0,0.22,DF,102,0,Sebastián Coates,0.22,Sunderland,0.00,77,14,2,0.29,2.42,0.00,16,4,0,uy URU,3,"1,229",7.47,24,33,0
268,0,0.15,DF,13,2,Carl Jenkinson,0.15,West Ham United,0.15,62,13,7,0.29,0.22,0.15,20,3,1,eng ENG,0,"1,229",0.95,23,3,0
269,0,0.51,FW,17,4,Wilfried Bony,0.51,Manchester City,0.29,47,13,13,0.07,1.25,0.29,26,1,0,ci CIV,3,"1,226",1.25,26,17,1
270,0,0.07,DF,9,0,Brendan Galloway,0.07,Everton,0.00,81,14,1,0.15,0.00,0.00,15,2,0,eng ENG,1,"1,220",0.66,19,0,0
271,0,0.00,MF,31,0,Cheick Tioté,0.00,Newcastle United,0.00,61,16,4,0.37,0.00,0.00,20,5,0,ci CIV,0,"1,220",2.29,29,0,0
272,1,0.22,MF,10,1,Jonjo Shelvey,0.15,Swansea City,0.07,76,14,2,0.37,0.67,0.00,16,5,0,eng ENG,2,"1,216",0.74,23,9,1
273,0,0.07,MF,19,1,Bastian Schweinsteiger,0.07,Manchester United,0.07,67,13,5,0.22,0.22,0.07,18,3,0,de GER,0,"1,202",1.42,30,3,0
274,0,0.15,DF,15,2,Vincent Kompany,0.15,Manchester City,0.15,84,13,1,0.38,0.23,0.15,14,5,0,be BEL,0,"1,179",1.15,29,3,0
275,0,0.23,"MF,FW",10,1,Jordon Ibe,0.23,Liverpool,0.08,44,12,15,0.00,0.46,0.08,27,0,0,eng ENG,2,"1,178",0.76,19,6,0
276,0,0.00,GK,0,0,Joel Robles,0.00,Everton,0.00,90,13,0,0.08,0.00,0.00,13,1,0,es ESP,0,"1,170",0.00,25,0,0
277,0,0.08,"DF,MF",17,1,Jack Rodwell,0.08,Sunderland,0.08,53,9,13,0.38,0.54,0.08,22,5,0,eng ENG,0,"1,169",1.31,24,7,0
278,0,0.16,DF,11,2,Jamaal Lascelles,0.16,Newcastle United,0.16,64,10,8,0.16,0.31,0.16,18,1,1,eng ENG,0,"1,152",0.86,21,4,0
279,1,0.55,MF,7,2,Adam Johnson,0.47,Sunderland,0.16,60,11,8,0.24,0.24,0.08,19,3,0,eng ENG,5,"1,148",0.55,28,3,1
280,0,0.00,"MF,DF",9,0,Marc Muniesa,0.00,Stoke City,0.00,74,12,3,0.16,0.00,0.00,15,2,0,es ESP,0,"1,114",0.73,23,0,0
281,0,0.41,"FW,MF",11,4,Son Heung-min,0.41,Tottenham Hotspur,0.33,40,13,15,0.00,1.06,0.33,28,0,0,kr KOR,1,"1,107",0.89,23,13,0
282,0,0.41,FW,19,4,Joselu,0.41,Stoke City,0.33,50,10,12,0.00,1.31,0.33,22,0,0,es ESP,1,"1,097",1.56,25,16,0
283,0,0.00,MF,18,0,Mathieu Flamini,0.00,Arsenal,0.00,68,12,4,0.25,0.17,0.00,16,3,0,fr FRA,0,"1,089",1.49,31,2,0
284,0,0.08,MF,20,0,Pedro Obiang,0.08,West Ham United,0.00,45,11,13,0.17,0.08,0.00,24,2,0,es ESP,1,"1,088",1.65,23,1,0
285,0,0.08,DF,10,0,Gaël Clichy,0.08,Manchester City,0.00,78,12,2,0.00,0.00,0.00,14,0,0,fr FRA,1,"1,087",0.83,30,0,0
286,0,0.17,"MF,DF",15,1,Cuco Martina,0.17,Southampton,0.08,72,11,4,0.08,0.17,0.08,15,1,0,cw CUW,1,"1,085",1.24,25,2,0
287,0,0.00,DF,8,0,Jores Okore,0.00,Aston Villa,0.00,90,12,0,0.08,0.00,0.00,12,1,0,dk DEN,0,"1,080",0.67,22,0,0
288,0,0.00,"DF,MF",20,0,Jan Kirchhoff,0.00,Sunderland,0.00,72,14,1,0.00,0.17,0.00,15,0,0,de GER,0,"1,075",1.67,24,2,0
289,0,0.25,"MF,FW",18,2,Wahbi Khazri,0.25,Sunderland,0.17,77,13,1,0.25,0.42,0.17,14,3,0,tn TUN,1,"1,071",1.51,24,5,0
290,0,0.25,MF,13,2,Bakary Sako,0.25,Crystal Palace,0.17,54,11,9,0.08,1.26,0.17,20,1,0,ml MLI,1,"1,069",1.09,27,15,0
291,0,0.08,MF,33,1,Marouane Fellaini,0.08,Manchester United,0.08,59,12,6,0.17,0.67,0.08,18,2,0,be BEL,0,"1,068",2.78,27,8,0
292,0,0.25,FW,14,3,Papiss Cissé,0.25,Newcastle United,0.25,51,14,7,0.08,0.76,0.25,21,1,0,sn SEN,0,"1,067",1.18,30,9,0
293,0,0.08,DF,4,0,Matt Targett,0.08,Southampton,0.00,76,13,1,0.08,0.17,0.00,14,1,0,eng ENG,1,"1,067",0.34,19,2,0
294,0,0.25,"MF,DF,FW",15,1,Ashley Young,0.25,Manchester United,0.08,59,11,7,0.42,0.25,0.08,18,5,0,eng ENG,2,"1,065",1.27,30,3,0
295,0,0.08,DF,15,0,Pablo Zabaleta,0.08,Manchester City,0.00,82,12,1,0.25,0.08,0.00,13,3,0,ar ARG,1,"1,062",1.27,30,1,0
296,0,0.25,MF,7,2,Andy King,0.25,Leicester City,0.17,43,9,16,0.17,0.34,0.17,25,2,0,wal WAL,1,"1,062",0.59,26,4,0
297,0,0.17,MF,30,1,Charlie Adam,0.17,Stoke City,0.09,48,12,10,0.60,0.34,0.09,22,6,1,sco SCO,1,"1,044",2.59,29,4,0
298,0,0.00,"DF,MF",11,0,Martin Kelly,0.00,Crystal Palace,0.00,80,11,2,0.26,0.00,0.00,13,3,0,eng ENG,0,"1,044",0.95,25,0,0
299,0,0.26,"FW,MF",21,1,Gabby Agbonlahor,0.26,Aston Villa,0.09,69,13,2,0.00,0.52,0.09,15,0,0,eng ENG,2,"1,031",1.83,28,6,0
300,0,0.00,"DF,MF",12,0,Martín Demichelis,0.00,Manchester City,0.00,51,10,10,0.26,0.00,0.00,20,3,0,ar ARG,0,"1,021",1.06,34,0,0
301,0,0.09,DF,7,1,Maya Yoshida,0.09,Southampton,0.09,51,10,10,0.00,0.18,0.09,20,0,0,jp JPN,0,"1,020",0.62,26,2,0
302,0,0.09,DF,13,0,Baba Rahman,0.09,Chelsea,0.00,68,11,4,0.09,0.18,0.00,15,1,0,gh GHA,1,"1,018",1.15,21,2,0
303,0,0.18,MF,4,1,Matt Jarvis,0.18,Norwich City,0.09,54,13,6,0.00,0.35,0.09,19,0,0,eng ENG,1,"1,017",0.35,29,4,0
304,0,0.09,DF,10,1,Tommy Elphick,0.09,Bournemouth,0.09,84,11,1,0.09,0.18,0.09,12,1,0,eng ENG,0,"1,013",0.89,27,2,0
305,0,0.53,"FW,MF",14,4,Kevin Mirallas,0.53,Everton,0.36,44,10,13,0.27,1.42,0.36,23,1,2,be BEL,2,"1,013",1.24,27,16,0
306,0,0.36,FW,18,4,Steven Fletcher,0.36,Sunderland,0.36,63,11,5,0.00,0.98,0.36,16,0,0,sco SCO,0,"1,010",1.60,28,11,0
307,0,0.54,"MF,FW",11,4,Enner Valencia,0.54,West Ham United,0.36,53,10,9,0.09,1.07,0.36,19,1,0,ec ECU,2,"1,009",0.98,25,12,0
308,0,0.09,"MF,DF",17,0,Bryan Oviedo,0.09,Everton,0.00,71,12,2,0.00,0.27,0.00,14,0,0,cr CRC,1,996,1.54,25,3,0
309,0,0.00,GK,0,0,Declan Rudd,0.00,Norwich City,0.00,90,11,0,0.18,0.00,0.00,11,2,0,eng ENG,0,990,0.00,24,0,0
310,1,0.64,FW,20,6,Leonardo Ulloa,0.55,Leicester City,0.55,34,7,22,0.00,0.91,0.46,29,0,0,"ar ARG,es ESP",1,984,1.83,29,10,1
311,0,0.09,MF,12,1,Joe Ledley,0.09,Crystal Palace,0.09,52,11,8,0.09,0.18,0.09,19,1,0,wal WAL,0,981,1.10,28,2,0
312,0,0.28,"FW,MF",17,1,Victor Moses,0.28,West Ham United,0.09,47,13,8,0.00,0.37,0.09,21,0,0,ng NGA,2,979,1.56,24,4,0
313,0,0.83,"FW,MF",2,8,Daniel Sturridge,0.83,Liverpool,0.74,70,11,3,0.00,2.12,0.74,14,0,0,eng ENG,1,978,0.18,25,23,0
314,0,0.00,DF,11,0,James Chester,0.00,West Bromwich Albion,0.00,74,9,4,0.37,0.00,0.00,13,4,0,wal WAL,0,964,1.03,26,0,0
315,0,0.48,"MF,FW",16,3,Nacer Chadli,0.48,Tottenham Hotspur,0.29,33,10,19,0.10,0.67,0.29,29,1,0,be BEL,2,947,1.52,25,7,0
316,0,0.10,"DF,MF",8,1,José Holebas,0.10,Watford,0.10,86,11,0,0.19,0.10,0.10,11,2,0,gr GRE,0,945,0.76,31,1,0
317,0,0.39,FW,15,4,Benik Afobe,0.39,Bournemouth,0.39,62,12,3,0.00,0.48,0.39,15,0,0,eng ENG,0,930,1.45,22,5,0
318,0,0.10,MF,11,1,Alex Oxlade-Chamberlain,0.10,Arsenal,0.10,42,9,13,0.00,0.49,0.10,22,0,0,eng ENG,0,926,1.07,21,5,0
319,0,0.39,"MF,FW",5,3,Duncan Watmore,0.39,Sunderland,0.29,40,7,16,0.00,0.78,0.29,23,0,0,eng ENG,1,919,0.49,21,8,0
320,0,0.00,GK,0,0,Mark Bunn,0.00,Aston Villa,0.00,90,10,0,0.20,0.00,0.00,10,2,0,eng ENG,0,900,0.00,30,0,0
321,0,0.30,"FW,MF",11,1,Max Gradel,0.30,Bournemouth,0.10,64,11,3,0.10,0.61,0.10,14,1,0,ci CIV,2,891,1.11,27,6,0
322,0,0.51,FW,9,3,Joel Campbell,0.51,Arsenal,0.31,47,11,8,0.00,0.71,0.31,19,0,0,cr CRC,2,884,0.92,23,7,0
323,0,0.10,DF,2,1,Kolo Touré,0.10,Liverpool,0.10,61,9,5,0.10,0.21,0.10,14,1,0,ci CIV,0,858,0.21,34,2,0
324,0,0.32,"MF,DF",16,0,Antonio Valencia,0.32,Manchester United,0.00,61,8,6,0.11,0.11,0.00,14,1,0,ec ECU,3,857,1.68,29,1,0
325,0,0.74,FW,5,5,Marcus Rashford,0.74,Manchester United,0.53,78,11,0,0.00,0.84,0.53,11,0,0,eng ENG,2,855,0.53,17,8,0
326,0,0.11,DF,6,1,Timm Klose,0.11,Norwich City,0.11,85,10,0,0.32,0.11,0.11,10,3,0,ch SUI,0,848,0.64,27,1,0
327,0,0.00,DF,3,0,Sylvain Distin,0.00,Bournemouth,0.00,70,9,3,0.00,0.00,0.00,12,0,0,fr FRA,0,843,0.32,37,0,0
328,0,0.22,DF,18,0,Jordan Amavi,0.22,Aston Villa,0.00,84,9,1,0.22,0.11,0.00,10,2,0,fr FRA,2,837,1.94,21,1,0
329,0,0.11,MF,6,1,Jack Grealish,0.11,Aston Villa,0.11,52,9,7,0.11,0.43,0.11,16,1,0,ie IRL,0,833,0.65,19,4,0
330,0,0.00,DF,3,0,Andre Wisdom,0.00,Norwich City,0.00,82,9,1,0.11,0.00,0.00,10,1,0,eng ENG,0,824,0.33,22,0,0
331,0,0.11,DF,12,0,Phil Bardsley,0.11,Stoke City,0.00,74,9,2,0.11,0.22,0.00,11,1,0,sco SCO,1,817,1.32,30,2,0
332,0,0.00,DF,12,0,Kevin Wimmer,0.00,Tottenham Hotspur,0.00,81,9,1,0.22,0.00,0.00,10,2,0,at AUT,0,812,1.33,22,0,0
333,0,0.00,DF,9,0,Ivo Pinto,0.00,Norwich City,0.00,81,9,1,0.00,0.00,0.00,10,0,0,pt POR,0,811,1.00,25,0,0
334,0,0.00,DF,3,0,Steven Taylor,0.00,Newcastle United,0.00,81,9,1,0.11,0.00,0.00,10,1,0,eng ENG,0,810,0.33,29,0,0
335,0,0.00,GK,0,0,Karl Darlow,0.00,Newcastle United,0.00,90,9,0,0.00,0.00,0.00,9,0,0,eng ENG,0,810,0.00,24,0,0
336,0,0.11,MF,9,1,Ryan Mason,0.11,Tottenham Hotspur,0.11,37,8,14,0.34,1.01,0.11,22,3,0,eng ENG,0,805,1.01,24,9,0
337,0,0.00,MF,11,0,Jordon Mutch,0.00,Crystal Palace,0.00,40,7,13,0.00,0.22,0.00,20,0,0,eng ENG,0,803,1.23,23,2,0
338,0,0.11,MF,9,0,Mohamed Elneny,0.11,Arsenal,0.00,72,9,2,0.34,0.23,0.00,11,3,0,eg EGY,1,792,1.02,23,2,0
339,0,0.34,FW,3,1,Modou Barrow,0.34,Swansea City,0.11,36,6,16,0.00,0.46,0.11,22,0,0,gm GAM,2,791,0.34,22,4,0
340,0,0.34,"MF,FW",12,3,Mauro Zárate,0.34,West Ham United,0.34,53,9,6,0.11,1.37,0.34,15,1,0,ar ARG,0,788,1.37,28,12,0
341,0,0.00,"DF,MF",10,0,Juan Carlos Paredes,0.00,Watford,0.00,45,7,10,0.12,0.12,0.00,17,1,0,ec ECU,0,771,1.17,28,1,0
342,1,0.58,FW,12,5,Callum Wilson,0.47,Bournemouth,0.58,59,9,4,0.00,0.93,0.47,13,0,0,eng ENG,0,771,1.40,23,8,1
343,0,0.35,FW,20,3,Dwight Gayle,0.35,Crystal Palace,0.35,48,8,8,0.35,1.05,0.35,16,2,1,eng ENG,0,771,2.33,24,9,0
344,0,1.06,FW,17,8,Kelechi Iheanacho,1.06,Manchester City,0.94,30,7,19,0.12,1.41,0.94,26,1,0,ng NGA,1,766,2.00,18,12,0
345,0,0.24,MF,14,0,Leroy Fer,0.24,Swansea City,0.00,69,9,2,0.24,0.12,0.00,11,2,0,nl NED,2,756,1.67,25,1,0
346,0,0.12,MF,6,0,Eunan O'Kane,0.12,Bournemouth,0.00,47,6,10,0.24,0.24,0.00,16,2,0,ie IRL,1,756,0.71,25,2,0
347,0,0.00,MF,15,0,Marco van Ginkel,0.00,Stoke City,0.00,44,8,9,0.00,0.12,0.00,17,0,0,nl NED,0,755,1.79,22,1,0
348,0,0.24,MF,7,2,Fabian Delph,0.24,Manchester City,0.24,44,8,9,0.00,0.60,0.24,17,0,0,eng ENG,0,753,0.84,25,5,0
349,0,0.00,MF,13,0,Mario Suárez,0.00,Watford,0.00,50,8,7,0.24,0.12,0.00,15,2,0,es ESP,0,749,1.56,28,1,0
350,0,0.37,MF,14,2,Joe Allen,0.37,Liverpool,0.24,39,8,11,0.00,0.49,0.24,19,0,0,wal WAL,1,735,1.71,25,4,0
351,0,0.12,"MF,DF",18,0,Kieran Richardson,0.12,Aston Villa,0.00,66,8,3,0.50,0.25,0.00,11,4,0,eng ENG,1,723,2.24,30,2,0
352,0,0.00,GK,0,0,Tim Krul,0.00,Newcastle United,0.00,90,8,0,0.00,0.00,0.00,8,0,0,nl NED,0,720,0.00,27,0,0
353,0,0.13,DF,8,0,Cameron Borthwick-Jackson,0.13,Manchester United,0.00,70,6,4,0.00,0.13,0.00,10,0,0,eng ENG,1,695,1.04,18,1,0
354,0,0.81,"FW,MF",11,5,Divock Origi,0.81,Liverpool,0.67,42,7,9,0.00,1.61,0.67,16,0,0,be BEL,1,670,1.48,20,12,0
355,0,0.27,FW,17,2,Alberto Paloschi,0.27,Swansea City,0.27,67,7,3,0.27,0.94,0.27,10,2,0,it ITA,0,667,2.29,25,7,0
356,0,0.14,"MF,DF",7,1,Steven Whittaker,0.14,Norwich City,0.14,83,8,0,0.41,0.54,0.14,8,2,1,sco SCO,0,661,0.95,31,4,0
357,0,0.27,"FW,MF",9,0,Ola Toivonen,0.27,Sunderland,0.00,55,9,3,0.14,0.14,0.00,12,1,0,se SWE,2,659,1.23,29,1,0
358,0,0.00,"MF,DF",13,0,Alex Song,0.00,West Ham United,0.00,55,8,4,0.14,0.00,0.00,12,1,0,cm CMR,0,658,1.78,27,0,0
359,0,0.14,DF,6,1,Ritchie De Laet,0.14,Leicester City,0.14,55,7,5,0.14,0.14,0.14,12,1,0,be BEL,0,657,0.82,26,1,0
360,0,0.00,GK,0,0,Alex McCarthy,0.00,Crystal Palace,0.00,90,7,0,0.00,0.00,0.00,7,0,0,eng ENG,0,630,0.00,25,0,0
361,0,0.00,DF,13,0,Brede Hangeland,0.00,Crystal Palace,0.00,90,7,0,0.29,0.43,0.00,7,2,0,no NOR,0,630,1.86,34,3,0
362,0,0.57,FW,3,2,Alex Iwobi,0.57,Arsenal,0.29,48,8,5,0.00,1.00,0.29,13,0,0,ng NGA,2,628,0.43,19,7,0
363,1,0.29,FW,6,1,Rickie Lambert,0.14,West Bromwich Albion,0.14,33,5,14,0.29,0.58,0.00,19,2,0,eng ENG,1,625,0.86,33,4,1
364,0,0.29,FW,10,1,Emmanuel Adebayor,0.29,Crystal Palace,0.15,52,7,5,0.15,0.58,0.15,12,1,0,tg TOG,1,619,1.45,31,4,0
365,0,0.30,MF,20,2,Ramires,0.30,Chelsea,0.30,51,7,5,0.15,0.74,0.30,12,1,0,br BRA,0,609,2.96,28,5,0
366,0,0.94,"FW,MF",6,4,Danny Welbeck,0.94,Arsenal,0.63,52,7,4,0.16,1.72,0.63,11,1,0,eng ENG,2,575,0.94,24,11,0
367,0,0.16,FW,20,1,Dame N'Doye,0.16,Sunderland,0.16,52,5,6,0.31,0.63,0.16,11,2,0,sn SEN,0,572,3.15,30,4,0
368,0,0.00,"DF,MF",9,0,Kevin Stewart,0.00,Liverpool,0.00,81,6,1,0.16,0.00,0.00,7,1,0,eng ENG,0,565,1.43,21,0,0
369,0,0.00,"MF,DF",4,0,Muhamed Bešić,0.00,Everton,0.00,47,7,5,0.16,0.32,0.00,12,1,0,ba BIH,0,558,0.65,22,2,0
370,0,0.16,"FW,MF",6,1,Kenedy,0.16,Chelsea,0.16,40,4,10,0.00,0.49,0.16,14,0,0,br BRA,0,556,0.97,19,3,0
371,0,0.00,DF,9,0,Massadio Haïdara,0.00,Newcastle United,0.00,79,6,1,0.16,0.00,0.00,7,1,0,fr FRA,0,555,1.46,22,0,0
372,0,0.16,MF,9,0,Seb Larsson,0.16,Sunderland,0.00,31,6,12,0.32,0.16,0.00,18,2,0,se SWE,1,554,1.46,30,1,0
373,0,0.67,"FW,MF",4,2,Samir Nasri,0.67,Manchester City,0.33,45,4,8,0.50,1.16,0.33,12,3,0,fr FRA,2,541,0.67,28,7,0
374,0,0.00,GK,0,0,Darren Randolph,0.00,West Ham United,0.00,90,6,0,0.00,0.00,0.00,6,0,0,ie IRL,0,540,0.00,28,0,0
375,0,0.00,DF,5,0,Wes Brown,0.00,Sunderland,0.00,90,6,0,0.17,0.00,0.00,6,1,0,eng ENG,0,540,0.83,35,0,0
376,0,0.00,"DF,MF",4,0,Phil Jones,0.00,Manchester United,0.00,53,6,4,0.00,0.00,0.00,10,0,0,eng ENG,0,530,0.68,23,0,0
377,0,0.17,MF,8,1,Tom Carroll,0.17,Tottenham Hotspur,0.17,27,4,15,0.52,0.52,0.17,19,3,0,eng ENG,0,515,1.40,23,3,0
378,0,0.00,FW,5,0,Emmanuel Emenike,0.00,West Ham United,0.00,39,5,8,0.00,0.35,0.00,13,0,0,ng NGA,0,512,0.88,28,2,0
379,0,0.00,"FW,MF",15,0,Nordin Amrabat,0.00,Watford,0.00,42,4,8,0.71,0.53,0.00,12,3,1,ma MAR,0,506,2.67,28,3,0
380,0,0.00,GK,0,0,Adam Federici,0.00,Bournemouth,0.00,83,6,0,0.00,0.00,0.00,6,0,0,au AUS,0,495,0.00,30,0,0
381,0,0.19,FW,13,0,Peter Crouch,0.19,Stoke City,0.00,42,4,7,0.00,0.58,0.00,11,0,0,eng ENG,1,463,2.53,34,3,0
382,0,0.00,DF,4,0,Jordi Amat,0.00,Swansea City,0.00,58,5,3,0.00,0.00,0.00,8,0,0,es ESP,0,463,0.78,23,0,0
383,0,0.39,DF,3,1,Kieran Trippier,0.39,Tottenham Hotspur,0.20,77,5,1,0.20,0.20,0.20,6,1,0,eng ENG,1,459,0.59,24,1,0
384,0,0.20,"MF,FW",7,0,Siem de Jong,0.20,Newcastle United,0.00,25,3,15,0.00,0.59,0.00,18,0,0,nl NED,1,454,1.39,26,3,0
385,0,0.79,FW,10,3,Steven Naismith,0.79,Everton,0.60,45,4,6,0.20,1.19,0.60,10,1,0,sco SCO,1,453,1.99,28,6,0
386,0,0.20,"MF,DF",8,0,Luke Shaw,0.20,Manchester United,0.00,90,5,0,0.20,0.20,0.00,5,1,0,eng ENG,1,450,1.60,20,1,0
387,0,0.21,DF,9,0,Joe Gomez,0.21,Liverpool,0.00,87,5,0,0.62,0.00,0.00,5,3,0,eng ENG,1,437,1.85,18,0,0
388,0,0.42,MF,13,0,Adlène Guedioura,0.42,Watford,0.00,24,3,15,0.42,0.63,0.00,18,2,0,dz ALG,2,430,2.72,29,3,0
389,0,0.00,"FW,MF",6,0,Florian Thauvin,0.00,Newcastle United,0.00,33,3,10,0.21,0.21,0.00,13,1,0,fr FRA,0,427,1.26,22,1,0
390,0,0.21,DF,7,0,Jon Flanagan,0.21,Liverpool,0.00,84,5,0,0.21,0.00,0.00,5,1,0,eng ENG,1,420,1.50,22,0,0
391,0,0.22,MF,4,1,Ruben Loftus-Cheek,0.22,Chelsea,0.22,32,4,9,0.00,0.66,0.22,13,0,0,eng ENG,0,412,0.87,19,3,0
392,0,0.00,GK,0,0,Jakob Haugaard,0.00,Stoke City,0.00,81,4,1,0.00,0.00,0.00,5,0,0,dk DEN,0,405,0.00,23,0,0
393,0,0.68,"FW,MF",3,0,Sheyi Ojo,0.68,Liverpool,0.00,50,5,3,0.00,0.23,0.00,8,0,0,eng ENG,3,397,0.68,18,1,0
394,0,0.23,DF,3,1,Kieran Gibbs,0.23,Arsenal,0.23,26,3,12,0.00,0.23,0.23,15,0,0,eng ENG,0,391,0.69,25,1,0
395,0,0.23,"FW,MF",4,1,Lee Chung-yong,0.23,Crystal Palace,0.23,30,4,9,0.00,0.46,0.23,13,0,0,kr KOR,0,390,0.92,27,2,0
396,0,0.00,MF,5,0,Sandro,0.00,West Bromwich Albion,0.00,32,5,7,0.00,0.00,0.00,12,0,0,br BRA,0,382,1.18,26,0,0
397,0,0.47,MF,9,1,Rolando Aarons,0.47,Newcastle United,0.24,38,3,7,0.24,0.24,0.24,10,1,0,eng ENG,1,381,2.13,19,1,0
398,0,0.72,MF,3,2,Bertrand Traoré,0.72,Chelsea,0.48,38,4,6,0.00,1.44,0.48,10,0,0,bf BFA,1,375,0.72,19,6,0
399,0,0.00,FW,2,0,Victor Anichebe,0.00,West Bromwich Albion,0.00,37,3,7,0.00,0.98,0.00,10,0,0,ng NGA,0,369,0.49,27,4,0
400,0,0.00,MF,5,0,Youssouf Mulumbu,0.00,Norwich City,0.00,53,5,2,0.24,0.24,0.00,7,1,0,cd COD,0,368,1.22,28,1,0
401,0,0.00,FW,8,0,Fraizer Campbell,0.00,Crystal Palace,0.00,33,4,7,0.25,0.25,0.00,11,1,0,eng ENG,0,362,1.99,27,1,0
402,0,0.00,GK,0,0,Sergio Romero,0.00,Manchester United,0.00,90,4,0,0.00,0.00,0.00,4,0,0,ar ARG,0,360,0.00,28,0,0
403,0,0.00,FW,8,0,Danny Graham,0.00,Sunderland,0.00,36,4,6,0.00,0.50,0.00,10,0,0,eng ENG,0,360,2.00,29,2,0
404,0,0.00,GK,0,0,David Ospina,0.00,Arsenal,0.00,90,4,0,0.00,0.00,0.00,4,0,0,co COL,0,360,0.00,26,0,0
405,0,0.25,DF,2,0,Stephen Kingsley,0.25,Swansea City,0.00,89,4,0,0.00,0.00,0.00,4,0,0,sco SCO,1,355,0.51,21,0,0
406,0,0.00,MF,4,0,Jordi Gómez,0.00,Sunderland,0.00,59,5,1,0.00,0.26,0.00,6,0,0,es ESP,0,352,1.02,30,1,0
407,0,0.00,FW,4,0,Jay Rodriguez,0.00,Southampton,0.00,29,3,9,0.26,1.54,0.00,12,1,0,eng ENG,0,351,1.03,26,6,0
408,0,0.77,FW,7,1,Nikica Jelavić,0.77,West Ham United,0.26,27,1,12,0.26,0.26,0.26,13,1,0,hr CRO,2,350,1.80,29,1,0
409,0,0.53,FW,7,2,Danny Ings,0.53,Liverpool,0.53,57,3,3,0.26,1.32,0.53,6,1,0,eng ENG,0,340,1.85,23,5,0
410,0,0.00,DF,6,0,Calum Chambers,0.00,Arsenal,0.00,27,2,10,0.56,0.28,0.00,12,2,0,eng ENG,0,322,1.68,20,1,0
411,0,0.00,DF,5,0,Guillermo Varela,0.00,Manchester United,0.00,79,3,1,0.29,0.00,0.00,4,1,0,uy URU,0,315,1.43,22,0,0
412,0,0.29,DF,2,0,Kevin Toner,0.29,Aston Villa,0.00,79,3,1,0.00,0.00,0.00,4,0,0,ie IRL,1,315,0.57,19,0,0
413,0,0.00,"MF,DF",4,0,Paddy McNair,0.00,Manchester United,0.00,39,3,5,0.00,0.29,0.00,8,0,0,nir NIR,0,314,1.15,20,1,0
414,0,0.00,GK,0,0,Willy Caballero,0.00,Manchester City,0.00,78,3,1,0.00,0.00,0.00,4,0,0,ar ARG,0,311,0.00,33,0,0
415,0,0.00,DF,4,0,Marcin Wasilewski,0.00,Leicester City,0.00,76,3,1,0.59,0.00,0.00,4,2,0,pl POL,0,303,1.19,35,0,0
416,0,0.00,DF,4,0,Tyias Browning,0.00,Everton,0.00,60,3,2,0.30,0.00,0.00,5,1,0,eng ENG,0,300,1.20,21,0,0
417,0,0.00,DF,2,0,Matthew Pennington,0.00,Everton,0.00,75,4,0,0.30,0.30,0.00,4,1,0,eng ENG,0,298,0.60,20,1,0
418,0,0.31,FW,1,1,Loïc Rémy,0.31,Chelsea,0.31,22,3,10,0.00,1.55,0.31,13,0,0,fr FRA,0,291,0.31,28,5,0
419,0,0.00,"MF,FW",2,0,Lee Tomlin,0.00,Bournemouth,0.00,48,3,3,0.31,0.93,0.00,6,1,0,eng ENG,0,290,0.62,26,3,0
420,0,0.00,"MF,DF",7,0,Sam Byram,0.00,West Ham United,0.00,72,2,2,0.94,0.00,0.00,4,3,0,eng ENG,0,288,2.19,21,0,0
421,0,0.00,DF,4,0,Kyle Bartley,0.00,Swansea City,0.00,57,3,2,0.63,0.00,0.00,5,2,0,eng ENG,0,286,1.26,24,0,0
422,0,0.00,"MF,DF",7,0,Brad Smith,0.00,Liverpool,0.00,72,3,1,0.94,0.00,0.00,4,2,1,eng ENG,0,286,2.20,21,0,0
423,0,0.32,"MF,FW",2,0,Callum McManaman,0.32,West Bromwich Albion,0.00,23,2,10,0.64,0.32,0.00,12,2,0,eng ENG,1,281,0.64,24,1,0
424,0,0.65,"DF,MF",5,0,Vadis Odjidja-Ofoe,0.65,Norwich City,0.00,28,3,7,0.65,0.32,0.00,10,2,0,be BEL,2,279,1.61,26,1,0
425,0,0.32,"FW,MF",2,0,Gabriel Obertan,0.32,Newcastle United,0.00,56,3,2,0.32,0.65,0.00,5,1,0,fr FRA,1,279,0.65,26,2,0
426,0,0.00,FW,9,0,Éder,0.00,Swansea City,0.00,21,2,11,0.00,0.33,0.00,13,0,0,pt POR,0,276,2.93,27,1,0
427,0,0.33,FW,7,0,Jonathan Leko,0.33,West Bromwich Albion,0.00,54,3,2,0.00,0.00,0.00,5,0,0,eng ENG,1,271,2.32,16,0,0
428,0,0.00,"DF,MF",2,0,Marc Wilson,0.00,Stoke City,0.00,65,1,3,0.00,0.00,0.00,4,0,0,ie IRL,0,261,0.69,27,0,0
429,0,0.00,FW,5,0,Libor Kozák,0.00,Aston Villa,0.00,65,3,1,0.00,0.70,0.00,4,0,0,cz CZE,0,258,1.74,26,2,0
430,0,0.00,FW,7,0,Marouane Chamakh,0.00,Crystal Palace,0.00,26,1,9,0.35,0.35,0.00,10,1,0,ma MAR,0,257,2.45,31,1,0
431,0,0.35,DF,2,0,Timothy Fosu-Mensah,0.35,Manchester United,0.00,32,2,6,0.35,0.00,0.00,8,1,0,nl NED,1,257,0.70,17,0,0
432,0,0.00,DF,3,0,Adrian Mariappa,0.00,Crystal Palace,0.00,85,3,0,0.00,0.00,0.00,3,0,0,jm JAM,0,255,1.06,28,0,0
433,0,0.36,"MF,FW",1,1,Lewis Grabban,0.36,Norwich City,0.36,42,3,3,0.00,0.72,0.36,6,0,0,eng ENG,0,250,0.36,27,2,0
434,0,0.37,MF,4,0,Stephen Ireland,0.37,Stoke City,0.00,19,0,13,0.74,0.00,0.00,13,2,0,ie IRL,1,243,1.48,28,0,0
435,0,0.37,MF,4,0,Darron Gibson,0.37,Everton,0.00,35,2,5,1.12,0.37,0.00,7,3,0,ie IRL,1,242,1.49,27,1,0
436,0,0.38,FW,7,1,Radamel Falcao,0.38,Chelsea,0.38,24,1,9,0.38,1.90,0.38,10,1,0,co COL,0,237,2.66,29,5,0
437,0,0.78,MF,7,0,Steven Berghuis,0.78,Watford,0.00,26,0,9,0.78,1.56,0.00,9,2,0,nl NED,2,231,2.73,23,4,0
438,0,0.00,"FW,MF",3,0,Yoan Gouffran,0.00,Newcastle United,0.00,28,2,6,0.00,0.40,0.00,8,0,0,fr FRA,0,227,1.19,29,1,0
439,0,0.00,GK,0,0,Shay Given,0.00,Stoke City,0.00,75,3,0,0.40,0.00,0.00,3,1,0,ie IRL,0,225,0.00,39,0,0
440,0,0.00,MF,2,0,Leon Osman,0.00,Everton,0.00,25,2,7,0.00,0.00,0.00,9,0,0,eng ENG,0,223,0.81,34,0,0
441,0,0.41,"MF,FW",8,1,Nathan Dyer,0.41,Leicester City,0.41,18,0,12,0.41,0.82,0.41,12,1,0,eng ENG,0,220,3.27,27,2,0
442,0,0.00,DF,1,0,Reece Oxford,0.00,West Ham United,0.00,30,3,4,0.00,0.00,0.00,7,0,0,eng ENG,0,212,0.42,16,0,0
443,0,0.43,FW,3,1,Charlie Austin,0.43,Southampton,0.43,30,2,5,0.00,0.85,0.43,7,0,0,eng ENG,0,211,1.28,26,2,0
444,0,0.00,MF,3,0,Gökhan Inler,0.00,Leicester City,0.00,39,3,2,0.00,0.00,0.00,5,0,0,ch SUI,0,194,1.39,31,0,0
445,0,0.47,"FW,MF",4,0,Adama Traoré,0.47,Aston Villa,0.00,19,0,10,0.47,0.00,0.00,10,1,0,es ESP,1,193,1.87,19,0,0
446,0,0.47,FW,4,0,Clinton N'Jie,0.47,Tottenham Hotspur,0.00,24,0,8,0.00,0.94,0.00,8,0,0,cm CMR,1,192,1.87,21,2,0
447,0,0.48,MF,3,0,Demarai Gray,0.48,Leicester City,0.00,16,1,11,0.00,1.44,0.00,12,0,0,eng ENG,1,187,1.44,19,3,0
448,0,0.00,GK,0,0,Jordan Pickford,0.00,Sunderland,0.00,90,2,0,0.00,0.00,0.00,2,0,0,eng ENG,0,180,0.00,21,0,0
449,0,0.00,GK,0,0,Ádám Bogdán,0.00,Liverpool,0.00,90,2,0,0.00,0.00,0.00,2,0,0,hu HUN,0,180,0.00,27,0,0
450,0,0.00,DF,1,0,Joleon Lescott,0.00,West Bromwich Albion,0.00,90,2,0,0.00,0.00,0.00,2,0,0,eng ENG,0,180,0.50,32,0,0
451,0,0.00,GK,0,0,Paulo Gazzaniga,0.00,Southampton,0.00,90,2,0,0.00,0.00,0.00,2,0,0,ar ARG,0,180,0.00,23,0,0
452,0,0.00,GK,0,0,Julián Speroni,0.00,Crystal Palace,0.00,90,2,0,0.00,0.00,0.00,2,0,0,ar ARG,0,180,0.00,36,0,0
453,0,0.00,GK,0,0,Danny Ward,0.00,Liverpool,0.00,90,2,0,0.00,0.00,0.00,2,0,0,wal WAL,0,180,0.00,22,0,0
454,0,0.00,"FW,MF",2,0,Juanmi,0.00,Southampton,0.00,14,0,12,0.00,0.52,0.00,12,0,0,es ESP,0,173,1.04,22,1,0
455,0,0.00,MF,3,0,Nabil Bentaleb,0.00,Tottenham Hotspur,0.00,34,2,3,0.53,1.06,0.00,5,1,0,dz ALG,0,170,1.59,20,2,0
456,0,0.00,MF,8,0,Mikel Arteta,0.00,Arsenal,0.00,19,0,9,0.53,0.53,0.00,9,1,0,es ESP,0,169,4.26,33,1,0
457,0,0.00,DF,2,0,Connor Randall,0.00,Liverpool,0.00,54,2,1,0.00,0.55,0.00,3,0,0,eng ENG,0,163,1.10,19,1,0
458,0,0.00,"DF,MF",4,0,Bradley Johnson,0.00,Norwich City,0.00,39,1,3,0.00,1.17,0.00,4,0,0,eng ENG,0,154,2.34,28,2,0
459,0,0.00,MF,1,0,Jordan Lyden,0.00,Aston Villa,0.00,38,2,2,0.00,0.00,0.00,4,0,0,au AUS,0,153,0.59,19,0,0
460,0,0.00,"FW,MF",1,0,Henri Saivet,0.00,Newcastle United,0.00,37,2,2,0.00,0.00,0.00,4,0,0,sn SEN,0,147,0.61,24,0,0
461,0,0.00,DF,0,0,Steven Caulker,0.00,Southampton,0.00,49,1,2,0.00,1.23,0.00,3,0,0,eng ENG,0,146,0.00,23,2,0
462,0,0.62,MF,5,1,Adnan Januzaj,0.62,Manchester United,0.62,29,2,3,0.62,0.62,0.62,5,1,0,be BEL,0,145,3.10,20,1,0
463,0,0.00,DF,3,0,Kevin Mbabu,0.00,Newcastle United,0.00,48,2,1,0.00,0.63,0.00,3,0,0,ch SUI,0,143,1.89,20,1,0
464,0,0.00,"FW,MF",2,0,Oumar Niasse,0.00,Everton,0.00,29,2,3,0.00,0.63,0.00,5,0,0,sn SEN,0,143,1.26,25,1,0
465,0,0.00,DF,1,0,Mathieu Debuchy,0.00,Arsenal,0.00,71,2,0,0.00,0.00,0.00,2,0,0,fr FRA,0,142,0.63,30,0,0
466,0,0.00,MF,1,0,Jack Wilshere,0.00,Arsenal,0.00,47,1,2,0.00,0.00,0.00,3,0,0,eng ENG,0,142,0.63,23,0,0
467,0,0.00,DF,1,0,Matt Miazga,0.00,Chelsea,0.00,68,2,0,0.67,0.00,0.00,2,1,0,us USA,0,135,0.67,20,0,0
468,1,0.69,FW,2,1,Alexandre Pato,0.00,Chelsea,0.69,66,1,1,0.00,1.37,0.00,2,0,0,br BRA,0,131,1.37,25,2,1
469,0,0.69,"DF,MF",1,1,Miguel Layún,0.69,Watford,0.69,44,2,1,0.00,0.69,0.69,3,0,0,mx MEX,0,131,0.69,27,1,0
470,0,0.00,FW,0,0,Yann Kermorgant,0.00,Bournemouth,0.00,19,0,7,0.00,0.00,0.00,7,0,0,fr FRA,0,130,0.00,33,0,0
471,0,0.00,FW,3,0,Glenn Murray,0.00,Crystal Palace,0.00,63,2,0,0.00,0.71,0.00,2,0,0,eng ENG,0,126,2.14,31,1,0
472,0,0.00,"MF,FW",2,0,Patrick Bamford,0.00,Crystal Palace,0.00,21,0,6,0.00,2.18,0.00,6,0,0,eng ENG,0,124,1.45,21,3,0
473,0,0.00,MF,1,0,Steven Pienaar,0.00,Everton,0.00,31,0,4,0.00,0.00,0.00,4,0,0,za RSA,0,122,0.74,33,0,0
474,0,0.00,MF,0,0,Cameron Brannagan,0.00,Liverpool,0.00,38,1,2,0.00,0.79,0.00,3,0,0,eng ENG,0,114,0.00,19,1,0
475,0,0.00,FW,3,0,Peter Odemwingie,0.00,Stoke City,0.00,21,0,5,0.00,0.00,0.00,5,0,0,ng NGA,0,106,2.55,34,0,0
476,0,0.00,"MF,DF",0,0,Daniel Amartey,0.00,Leicester City,0.00,21,1,4,0.00,0.87,0.00,5,0,0,gh GHA,0,104,0.00,20,1,0
477,0,0.00,MF,2,0,Tom Davies,0.00,Everton,0.00,49,1,1,0.00,0.00,0.00,2,0,0,eng ENG,0,98,1.84,17,0,0
478,0,0.00,GK,0,0,Michel Vorm,0.00,Tottenham Hotspur,0.00,90,1,0,0.00,0.00,0.00,1,0,0,nl NED,0,90,0.00,31,0,0
479,0,0.00,GK,0,0,Kelvin Davis,0.00,Southampton,0.00,90,1,0,0.00,0.00,0.00,1,0,0,eng ENG,0,90,0.00,38,0,0
480,0,0.00,GK,0,0,Kristoffer Nordfeldt,0.00,Swansea City,0.00,90,1,0,0.00,0.00,0.00,1,0,0,se SWE,0,90,0.00,26,0,0
481,0,0.00,MF,3,0,Matt Grimes,0.00,Swansea City,0.00,90,1,0,0.00,0.00,0.00,1,0,0,eng ENG,0,90,3.00,20,0,0
482,0,0.00,DF,1,0,José Ángel Crespo,0.00,Aston Villa,0.00,90,1,0,0.00,0.00,0.00,1,0,0,es ESP,0,90,1.00,28,0,0
483,0,0.00,DF,0,0,Thomas Robson,0.00,Sunderland,0.00,90,1,0,0.00,0.00,0.00,1,0,0,eng ENG,0,90,0.00,19,0,0
484,0,0.00,MF,2,0,Andreas Pereira,0.00,Manchester United,0.00,21,0,4,2.14,0.00,0.00,4,2,0,br BRA,0,84,2.14,19,0,0
485,0,0.00,"FW,MF",1,0,Josh Onomah,0.00,Tottenham Hotspur,0.00,10,0,8,0.00,2.17,0.00,8,0,0,eng ENG,0,83,1.08,18,2,0
486,0,0.00,FW,1,0,Kieran Dowell,0.00,Everton,0.00,36,1,1,0.00,0.00,0.00,2,0,0,eng ENG,0,72,1.25,17,0,0
487,0,0.00,"FW,MF",1,0,Víctor Ibarbo,0.00,Watford,0.00,17,0,4,0.00,0.00,0.00,4,0,0,co COL,0,68,1.32,25,0,0
488,0,0.00,DF,3,0,Yohan Benalouane,0.00,Leicester City,0.00,17,0,4,1.32,0.00,0.00,4,1,0,tn TUN,0,68,3.97,28,0,0
489,0,0.00,"FW,MF",1,0,Andros Townsend,0.00,Tottenham Hotspur,0.00,22,0,3,0.00,0.00,0.00,3,0,0,eng ENG,0,67,1.34,24,0,0
490,0,0.00,"MF,FW",1,0,Alessandro Diamanti,0.00,Watford,0.00,22,0,3,0.00,0.00,0.00,3,0,0,it ITA,0,67,1.34,32,0,0
491,0,0.00,"FW,MF",0,0,Marvin Emnes,0.00,Swansea City,0.00,33,1,1,0.00,0.00,0.00,2,0,0,nl NED,0,66,0.00,27,0,0
492,0,0.00,FW,1,0,Emmanuel Rivière,0.00,Newcastle United,0.00,22,1,2,0.00,0.00,0.00,3,0,0,fr FRA,0,65,1.38,25,0,0
493,0,0.00,MF,2,0,Alex Pritchard,0.00,West Bromwich Albion,0.00,32,0,2,0.00,0.00,0.00,2,0,0,eng ENG,0,63,2.86,22,0,0
494,0,0.00,"FW,DF",0,0,Jonjoe Kenny,0.00,Everton,0.00,62,0,1,0.00,0.00,0.00,1,0,0,eng ENG,0,62,0.00,18,0,0
495,0,0.00,FW,0,0,André Green,0.00,Aston Villa,0.00,30,0,2,0.00,0.00,0.00,2,0,0,eng ENG,0,59,0.00,17,0,0
496,0,0.00,"FW,MF",0,0,Juan Iturbe,0.00,Bournemouth,0.00,29,0,2,0.00,1.58,0.00,2,0,0,py PAR,0,57,0.00,22,1,0
497,0,0.00,MF,0,0,Kevin Nolan,0.00,West Ham United,0.00,29,1,1,0.00,0.00,0.00,2,0,0,eng ENG,0,57,0.00,33,0,0
498,0,0.00,FW,2,0,Tammy Abraham,0.00,Chelsea,0.00,28,0,2,0.00,0.00,0.00,2,0,0,eng ENG,0,55,3.27,17,0,0
499,0,0.00,DF,1,0,Donald Love,0.00,Manchester United,0.00,54,0,1,0.00,0.00,0.00,1,0,0,sco SCO,0,54,1.67,20,0,0
500,0,0.00,FW,1,0,Rees Greenwood,0.00,Sunderland,0.00,51,1,0,0.00,0.00,0.00,1,0,0,eng ENG,0,51,1.76,18,0,0
501,0,0.00,MF,0,0,Pedro Chirivella,0.00,Liverpool,0.00,45,1,0,0.00,0.00,0.00,1,0,0,es ESP,0,45,0.00,18,0,0
502,0,0.00,GK,0,0,Ryan Allsop,0.00,Bournemouth,0.00,45,0,1,0.00,0.00,0.00,1,0,0,eng ENG,0,45,0.00,23,0,0
503,0,0.00,DF,0,0,Tony Hibbert,0.00,Everton,0.00,45,0,1,0.00,2.00,0.00,1,0,0,eng ENG,0,45,0.00,34,1,0
504,0,0.00,DF,0,0,Dionatan Teixeira,0.00,Stoke City,0.00,45,0,1,0.00,0.00,0.00,1,0,0,sk SVK,0,45,0.00,23,0,0
505,0,0.00,MF,1,0,Sullay Kaikai,0.00,Crystal Palace,0.00,45,0,1,0.00,2.00,0.00,1,0,0,eng ENG,0,45,2.00,19,1,0
506,0,0.00,"FW,MF,DF",1,0,Charles N'Zogbia,0.00,Aston Villa,0.00,22,0,2,0.00,0.00,0.00,2,0,0,fr FRA,0,43,2.09,29,0,0
507,0,0.00,FW,3,0,Tokelo Rantie,0.00,Bournemouth,0.00,14,0,3,0.00,0.00,0.00,3,0,0,za RSA,0,41,6.59,24,0,0
508,0,0.00,MF,0,0,George Honeyman,0.00,Sunderland,0.00,39,0,1,0.00,0.00,0.00,1,0,0,eng ENG,0,39,0.00,20,0,0
509,0,0.00,DF,0,0,Callum Connolly,0.00,Everton,0.00,37,0,1,0.00,0.00,0.00,1,0,0,eng ENG,0,37,0.00,17,0,0
510,0,0.00,DF,0,0,Adam Matthews,0.00,Sunderland,0.00,37,0,1,0.00,0.00,0.00,1,0,0,wal WAL,0,37,0.00,23,0,0
511,0,2.50,"DF,MF",7,0,Sébastien Pocognoli,2.50,West Bromwich Albion,0.00,36,0,1,0.00,0.00,0.00,1,0,0,be BEL,1,36,17.50,27,0,0
512,0,0.00,FW,0,0,Seydou Doumbia,0.00,Newcastle United,0.00,11,0,3,0.00,2.81,0.00,3,0,0,ci CIV,0,32,0.00,27,1,0
513,0,2.90,"FW,MF",0,0,Gastón Ramírez,2.90,Southampton,0.00,10,0,3,0.00,0.00,0.00,3,0,0,uy URU,1,31,0.00,24,0,0
514,0,0.00,DF,0,0,Fikayo Tomori,0.00,Chelsea,0.00,31,0,1,0.00,0.00,0.00,1,0,0,ca CAN,0,31,0.00,17,0,0
515,0,0.00,MF,0,0,Shaun MacDonald,0.00,Bournemouth,0.00,10,0,3,0.00,0.00,0.00,3,0,0,wal WAL,0,31,0.00,27,0,0
516,0,0.00,"MF,DF",1,0,Cristian Gamboa,0.00,West Bromwich Albion,0.00,28,0,1,3.21,0.00,0.00,1,1,0,cr CRC,0,28,3.21,25,0,0
517,0,0.00,"MF,DF",0,0,Juan Cuadrado,0.00,Chelsea,0.00,27,0,1,0.00,3.33,0.00,1,0,0,co COL,0,27,0.00,27,1,0
518,0,3.33,"FW,MF",1,1,Modibo Maïga,3.33,West Ham United,3.33,9,0,3,0.00,6.67,3.33,3,0,0,ml MLI,0,27,3.33,27,2,0
519,0,0.00,GK,0,0,Giedrius Arlauskis,0.00,Watford,0.00,24,0,1,0.00,0.00,0.00,1,0,0,lt LTU,0,24,0.00,27,0,0
520,0,0.00,FW,0,0,Javier Hernández,0.00,Manchester United,0.00,24,0,1,0.00,3.75,0.00,1,0,0,mx MEX,0,24,0.00,27,1,0
521,0,0.00,FW,1,0,Andrej Kramarić,0.00,Leicester City,0.00,12,0,2,0.00,3.75,0.00,2,0,0,hr CRO,0,24,3.75,24,1,0
522,0,0.00,MF,1,0,Jay Fulton,0.00,Swansea City,0.00,11,0,2,0.00,0.00,0.00,2,0,0,sco SCO,0,21,4.29,21,0,0
523,0,0.00,FW,2,0,Joe Dodoo,0.00,Leicester City,0.00,20,0,1,0.00,0.00,0.00,1,0,0,eng ENG,0,20,9.00,20,0,0
524,0,0.00,MF,2,0,Hiram Boateng,0.00,Crystal Palace,0.00,19,0,1,0.00,0.00,0.00,1,0,0,eng ENG,0,19,9.47,19,0,0
525,0,0.00,FW,1,0,Tyler Roberts,0.00,West Bromwich Albion,0.00,18,0,1,5.00,0.00,0.00,1,1,0,wal WAL,0,18,5.00,16,0,0
526,0,0.00,MF,0,0,Nick Powell,0.00,Manchester United,0.00,17,0,1,0.00,0.00,0.00,1,0,0,eng ENG,0,17,0.00,21,0,0
527,0,0.00,DF,0,0,Jake Clarke-Salter,0.00,Chelsea,0.00,17,0,1,0.00,0.00,0.00,1,0,0,eng ENG,0,17,0.00,17,0,0
528,0,0.00,MF,0,0,Jordan Rossiter,0.00,Liverpool,0.00,15,0,1,0.00,0.00,0.00,1,0,0,eng ENG,0,15,0.00,18,0,0
529,0,6.43,"MF,FW",0,0,Bersant Celina,6.43,Manchester City,0.00,14,0,1,0.00,0.00,0.00,1,0,0,no NOR,1,14,0.00,18,0,0
530,0,0.00,FW,0,0,Kyle Lafferty,0.00,Norwich City,0.00,14,0,1,0.00,0.00,0.00,1,0,0,nir NIR,0,14,0.00,27,0,0
531,0,0.00,"FW,MF",2,0,Serge Gnabry,0.00,West Bromwich Albion,0.00,13,0,1,0.00,6.92,0.00,1,0,0,de GER,0,13,13.85,20,1,0
532,0,0.00,FW,0,0,Gary Hooper,0.00,Norwich City,0.00,7,0,2,0.00,0.00,0.00,2,0,0,eng ENG,0,13,0.00,27,0,0
533,0,0.00,MF,1,0,Steve Sidwell,0.00,Stoke City,0.00,13,0,1,0.00,0.00,0.00,1,0,0,eng ENG,0,13,6.92,32,0,0
534,0,0.00,FW,0,0,Ivan Toney,0.00,Newcastle United,0.00,6,0,2,0.00,0.00,0.00,2,0,0,eng ENG,0,12,0.00,19,0,0
535,0,0.00,MF,0,0,Jonny Williams,0.00,Crystal Palace,0.00,11,0,1,0.00,0.00,0.00,1,0,0,wal WAL,0,11,0.00,21,0,0
536,0,0.00,MF,0,0,Manu García,0.00,Manchester City,0.00,11,0,1,0.00,0.00,0.00,1,0,0,es ESP,0,11,0.00,17,0,0
537,0,0.00,MF,0,0,Harrison Reed,0.00,Southampton,0.00,11,0,1,0.00,0.00,0.00,1,0,0,eng ENG,0,11,0.00,20,0,0
538,0,0.00,DF,0,0,Tyrone Mings,0.00,Bournemouth,0.00,11,0,1,0.00,0.00,0.00,1,0,0,eng ENG,0,11,0.00,22,0,0
539,0,0.00,MF,1,0,Sergi Canós,0.00,Liverpool,0.00,10,0,1,0.00,0.00,0.00,1,0,0,es ESP,0,10,9.00,18,0,0
540,0,0.00,FW,0,0,James Wilson,0.00,Manchester United,0.00,9,0,1,0.00,0.00,0.00,1,0,0,eng ENG,0,9,0.00,19,0,0
541,0,0.00,FW,1,0,Obbi Oulare,0.00,Watford,0.00,4,0,2,0.00,0.00,0.00,2,0,0,be BEL,0,7,12.86,19,0,0
542,0,0.00,DF,0,0,Jamie Sterry,0.00,Newcastle United,0.00,7,0,1,0.00,0.00,0.00,1,0,0,eng ENG,0,7,0.00,19,0,0
543,0,0.00,"MF,FW",0,0,Patrick Roberts,0.00,Manchester City,0.00,5,0,1,0.00,0.00,0.00,1,0,0,eng ENG,0,5,0.00,18,0,0
544,0,0.00,MF,0,0,Sam Field,0.00,West Bromwich Albion,0.00,5,0,1,0.00,0.00,0.00,1,0,0,eng ENG,0,5,0.00,17,0,0
545,0,0.00,FW,0,0,Will Keane,0.00,Manchester United,0.00,5,0,1,0.00,0.00,0.00,1,0,0,eng ENG,0,5,0.00,22,0,0
546,0,0.00,MF,0,0,João Carlos Teixeira,0.00,Liverpool,0.00,4,0,1,0.00,0.00,0.00,1,0,0,pt POR,0,4,0.00,22,0,0
547,0,0.00,FW,0,0,Rushian Hepburn-Murphy,0.00,Aston Villa,0.00,1,0,1,0.00,0.00,0.00,1,0,0,eng ENG,0,1,0.00,16,0,0
548,0,0.00,MF,0,0,James Weir,0.00,Manchester United,0.00,1,0,1,0.00,0.00,0.00,1,0,0,eng ENG,0,1,0.00,19,0,0
549,0,0.00,DF,0,0,Josh Cullen,0.00,West Ham United,0.00,1,0,1,0.00,0.00,0.00,1,0,0,ie IRL,0,1,0.00,19,0,0
