,games_starts_gk,losses,minutes_per_game_gk,save_perc,nationality,player,position,age,clean_sheets_perc,wins,goals_against_per90,games_subs_gk,goals_against,shots_on_target_against,games_gk,clean_sheets,minutes_gk,draws,squad,pens_made,goals_assists_per90,fouls,goals,goals_assists_pens_per90,goals_per90,minutes_per_game_pl,games_starts_pl,games_subs_pl,cards_per90,shots_on_target_per90,goals_pens_per90,games_pl,cards_yellow,cards_red,assists,minutes_pl,fouls_per90,shots_on_target,pens_att,season
0,38.0,9.0,90.0,0.7959999999999999,eng,David Seaman,GK,31.0,42.1,17.0,0.84,0.0,32.0,157.0,38.0,16.0,3420.0,12.0,Arsenal,0.0,0.0,,0,0.0,0.0,90,38.0,0.0,0.0,0.0,0.0,38,0,0.0,0,3420,,0,0.0,1995
1,38.0,11.0,90.0,0.74,wal,Neville Southall,GK,36.0,39.5,17.0,1.16,0.0,44.0,169.0,38.0,15.0,3420.0,10.0,Everton,0.0,0.0,,0,0.0,0.0,90,38.0,0.0,0.0,0.0,0.0,38,0,0.0,0,3420,,0,0.0,1995
2,38.0,10.0,90.0,0.688,wal,Mark Crossley,GK,26.0,21.1,15.0,1.42,0.0,54.0,173.0,38.0,8.0,3420.0,13.0,Nottingham Forest,0.0,0.0,,0,0.0,0.0,90,38.0,0.0,0.0,0.0,0.0,38,0,0.0,0,3420,,0,0.0,1995
3,38.0,18.0,90.0,0.7140000000000001,de,Eike Immel,GK,34.0,21.1,9.0,1.53,0.0,58.0,203.0,38.0,8.0,3420.0,11.0,Manchester City,0.0,0.0,,0,0.0,0.0,90,38.0,0.0,0.0,0.0,0.0,38,0,0.0,0,3420,,0,0.0,1995
4,38.0,9.0,90.0,0.768,eng,Ian Walker,GK,23.0,28.9,16.0,1.0,0.0,38.0,164.0,38.0,11.0,3420.0,13.0,Tottenham Hotspur,0.0,0.0,,0,0.0,0.0,90,38.0,0.0,0.03,0.0,0.0,38,1,0.0,0,3420,,0,0.0,1995
5,38.0,7.0,90.0,0.795,eng,David James,GK,24.0,42.1,20.0,0.89,0.0,34.0,166.0,38.0,16.0,3420.0,11.0,Liverpool,0.0,0.0,,0,0.0,0.0,90,38.0,0.0,0.03,0.0,0.0,38,1,0.0,0,3420,,0,0.0,1995
6,38.0,11.0,89.0,0.7759999999999999,au,Mark Bosnich,GK,23.0,34.2,19.0,0.9,0.0,34.0,152.0,38.0,13.0,3386.0,8.0,Aston Villa,0.0,0.0,,0,0.0,0.0,89,38.0,0.0,0.03,0.0,0.0,38,1,0.0,0,3386,,0,0.0,1995
7,37.0,13.0,90.0,0.7070000000000001,eng,Tim Flowers,GK,28.0,27.0,18.0,1.25,0.0,46.0,157.0,37.0,10.0,3318.0,6.0,Blackburn Rovers,0.0,0.0,,0,0.0,0.0,90,37.0,0.0,0.08,0.0,0.0,37,2,1.0,0,3318,,0,0.0,1995
8,36.0,17.0,90.0,0.7290000000000001,eng,Dave Beasant,GK,36.0,25.0,8.0,1.36,0.0,49.0,181.0,36.0,9.0,3240.0,11.0,Southampton,0.0,0.0,,0,0.0,0.0,90,36.0,0.0,0.0,0.0,0.0,36,0,0.0,0,3240,,0,0.0,1995
9,36.0,13.0,90.0,0.7020000000000001,"cs,cz",Luděk Mikloško,GK,33.0,30.6,14.0,1.26,0.0,45.0,151.0,36.0,11.0,3222.0,9.0,West Ham United,0.0,0.0,,0,0.0,0.0,90,36.0,0.0,0.03,0.0,0.0,36,0,1.0,0,3222,,0,0.0,1995
10,36.0,5.0,88.0,0.794,dk,Peter Schmeichel,GK,31.0,50.0,25.0,0.82,0.0,29.0,141.0,36.0,18.0,3175.0,5.0,Manchester United,0.0,0.0,,0,0.0,0.0,88,36.0,0.0,0.03,0.0,0.0,36,1,0.0,0,3175,,0,0.0,1995
11,33.0,19.0,90.0,0.737,us,Juergen Sommer,GK,26.0,12.1,8.0,1.48,0.0,49.0,186.0,33.0,4.0,2970.0,6.0,Queens Park Rangers,0.0,0.0,,0,0.0,0.0,90,33.0,0.0,0.03,0.0,0.0,33,1,0.0,0,2970,,0,0.0,1995
12,31.0,21.0,90.0,0.67,ie,Keith Branagan,GK,29.0,12.9,6.0,1.94,0.0,60.0,182.0,31.0,4.0,2790.0,4.0,Bolton Wanderers,0.0,0.0,,0,0.0,0.0,90,31.0,0.0,0.0,0.0,0.0,31,0,0.0,0,2790,,0,0.0,1995
13,31.0,14.0,90.0,0.715,eng,Gary Walsh,GK,27.0,29.0,10.0,1.39,0.0,43.0,151.0,31.0,9.0,2790.0,7.0,Middlesbrough,0.0,0.0,,0,0.0,0.0,90,31.0,0.0,0.03,0.0,0.0,31,1,0.0,0,2790,,0,0.0,1995
14,30.0,13.0,90.0,0.7020000000000001,eng,Kevin Pressman,GK,27.0,13.3,8.0,1.61,0.0,48.0,161.0,30.0,4.0,2688.0,9.0,Sheffield Wednesday,0.0,0.0,,0,0.0,0.0,90,30.0,0.0,0.03,0.0,0.0,30,0,1.0,0,2688,,0,0.0,1995
15,28.0,13.0,90.0,0.7120000000000001,eng,John Lukic,GK,34.0,25.0,9.0,1.5,0.0,42.0,146.0,28.0,7.0,2516.0,6.0,Leeds United,0.0,0.0,,0,0.0,0.0,90,28.0,0.0,0.04,0.0,0.0,28,0,1.0,0,2516,,0,0.0,1995
16,26.0,7.0,90.0,0.7659999999999999,"ru,su",Dmitri Kharine,GK,26.0,38.5,9.0,1.12,0.0,29.0,124.0,26.0,10.0,2340.0,10.0,Chelsea,0.0,0.0,,0,0.0,0.0,90,26.0,0.0,0.04,0.0,0.0,26,1,0.0,0,2340,,0,0.0,1995
17,25.0,8.0,90.0,0.7609999999999999,eng,Steve Ogrizovic,GK,37.0,32.0,7.0,1.28,0.0,32.0,134.0,25.0,8.0,2250.0,10.0,Coventry City,0.0,0.0,,0,0.0,0.0,90,25.0,0.0,0.0,0.0,0.0,25,0,0.0,0,2250,,0,0.0,1995
18,23.0,2.0,90.0,0.782,tt,Shaka Hislop,GK,26.0,39.1,16.0,0.83,0.0,19.0,87.0,23.0,9.0,2070.0,5.0,Newcastle United,0.0,0.0,,0,0.0,0.0,90,23.0,0.0,0.0,0.0,0.0,23,0,0.0,0,2070,,0,0.0,1995
19,18.0,9.0,88.0,0.6890000000000001,eng,Paul Heald,GK,26.0,16.7,3.0,1.81,0.0,32.0,103.0,18.0,3.0,1590.0,6.0,Wimbledon,0.0,0.0,,0,0.0,0.0,88,18.0,0.0,0.11,0.0,0.0,18,1,1.0,0,1590,,0,0.0,1995
20,16.0,6.0,87.0,0.705,sco,Neil Sullivan,GK,25.0,18.8,5.0,1.67,0.0,26.0,88.0,16.0,3.0,1398.0,5.0,Wimbledon,0.0,0.0,,0,0.0,0.0,87,16.0,0.0,0.0,0.0,0.0,16,0,0.0,0,1398,,0,0.0,1995
21,14.0,6.0,83.0,0.753,cz,Pavel Srníček,GK,27.0,28.6,8.0,1.3,1.0,18.0,73.0,15.0,4.0,1250.0,1.0,Newcastle United,0.0,0.0,,0,0.0,0.0,83,14.0,1.0,0.0,0.0,0.0,15,0,0.0,0,1250,,0,0.0,1995
22,13.0,8.0,90.0,0.606,au,John Filan,GK,25.0,15.4,1.0,2.15,0.0,28.0,71.0,13.0,2.0,1170.0,4.0,Coventry City,0.0,0.0,,0,0.0,0.0,90,13.0,0.0,0.0,0.0,0.0,13,0,0.0,0,1170,,0,0.0,1995
23,12.0,5.0,90.0,0.688,nan,Kevin Hitchcock,GK,32.0,16.7,3.0,1.25,0.0,15.0,48.0,12.0,2.0,1080.0,4.0,Chelsea,0.0,0.0,,0,0.0,0.0,90,12.0,0.0,0.0,0.0,0.0,12,0,0.0,0,1080,,0,0.0,1995
24,10.0,5.0,88.0,0.696,nan,Mark Beeney,GK,27.0,30.0,3.0,1.44,0.0,14.0,46.0,10.0,3.0,878.0,1.0,Leeds United,0.0,0.0,,0,0.0,0.0,88,10.0,0.0,0.1,0.0,0.0,10,0,1.0,0,878,,0,0.0,1995
25,8.0,5.0,90.0,0.738,eng,Chris Woods,GK,35.0,25.0,2.0,1.37,0.0,11.0,42.0,8.0,2.0,720.0,1.0,Sheffield Wednesday,0.0,0.0,,0,0.0,0.0,90,8.0,0.0,0.0,0.0,0.0,8,0,0.0,0,720,,0,0.0,1995
26,7.0,3.0,90.0,0.8059999999999999,eng,Alan Miller,GK,25.0,14.3,1.0,1.0,0.0,7.0,36.0,7.0,1.0,630.0,3.0,Middlesbrough,0.0,0.0,,0,0.0,0.0,90,7.0,0.0,0.0,0.0,0.0,7,0,0.0,0,630,,0,0.0,1995
27,5.0,3.0,90.0,0.731,eng,Gavin Ward,GK,25.0,0.0,1.0,1.4,0.0,7.0,26.0,5.0,0.0,450.0,1.0,Bolton Wanderers,0.0,0.0,,0,0.0,0.0,90,5.0,0.0,0.0,0.0,0.0,5,0,0.0,0,450,,0,0.0,1995
28,5.0,4.0,90.0,0.636,wal,Tony Roberts,GK,25.0,20.0,1.0,1.6,0.0,8.0,22.0,5.0,1.0,450.0,0.0,Queens Park Rangers,0.0,0.0,,0,0.0,0.0,90,5.0,0.0,0.0,0.0,0.0,5,0,0.0,0,450,,0,0.0,1995
29,3.0,1.0,78.0,0.643,nl,Hans Segers,GK,33.0,0.0,2.0,1.44,1.0,5.0,14.0,4.0,0.0,312.0,0.0,Wimbledon,0.0,0.0,,0,0.0,0.0,78,3.0,1.0,0.0,0.0,0.0,4,0,0.0,0,312,,0,0.0,1995
30,2.0,1.0,82.0,0.5379999999999999,eng,Kevin Pilkington,GK,21.0,0.0,0.0,2.2,1.0,6.0,13.0,3.0,0.0,245.0,2.0,Manchester United,0.0,0.0,,0,0.0,0.0,82,2.0,1.0,0.0,0.0,0.0,3,0,0.0,0,245,,0,0.0,1995
31,2.0,1.0,90.0,0.5,nir,Aidan Davison,GK,27.0,0.0,1.0,2.0,0.0,4.0,8.0,2.0,0.0,180.0,0.0,Bolton Wanderers,0.0,0.0,,0,0.0,0.0,90,2.0,0.0,0.0,0.0,0.0,2,0,0.0,0,180,,0,0.0,1995
32,2.0,1.0,90.0,0.727,zw,Bruce Grobbelaar,GK,37.0,50.0,1.0,1.5,0.0,3.0,11.0,2.0,1.0,180.0,0.0,Southampton,0.0,0.0,,0,0.0,0.0,90,2.0,0.0,0.0,0.0,0.0,2,0,0.0,0,180,,0,0.0,1995
33,1.0,0.0,51.0,0.75,eng,Bobby Mimms,GK,31.0,0.0,0.0,0.88,1.0,1.0,4.0,2.0,0.0,102.0,1.0,Blackburn Rovers,0.0,0.0,,0,0.0,0.0,51,1.0,1.0,0.0,0.0,0.0,2,0,0.0,0,102,,0,0.0,1995
34,1.0,1.0,90.0,0.625,eng,Les Sealey,GK,37.0,0.0,0.0,3.0,0.0,3.0,8.0,1.0,0.0,90.0,0.0,West Ham United,0.0,0.0,,0,0.0,0.0,90,1.0,0.0,0.0,0.0,0.0,1,0,0.0,0,90,,0,0.0,1995
35,1.0,1.0,90.0,0.667,eng,Neil Finn,GK,16.0,0.0,0.0,2.0,0.0,2.0,6.0,1.0,0.0,90.0,0.0,West Ham United,0.0,0.0,,0,0.0,0.0,90,1.0,0.0,0.0,0.0,0.0,1,0,0.0,0,90,,0,0.0,1995
36,1.0,1.0,90.0,0.636,eng,Simon Tracey,GK,27.0,0.0,0.0,4.0,0.0,4.0,11.0,1.0,0.0,90.0,0.0,Wimbledon,0.0,0.0,,0,0.0,0.0,90,1.0,0.0,0.0,0.0,0.0,1,0,0.0,0,90,,0,0.0,1995
37,0.0,0.0,17.0,0.0,eng,Nigel Spink,GK,36.0,,0.0,2.65,2.0,1.0,1.0,2.0,0.0,34.0,0.0,Aston Villa,0.0,0.0,,0,0.0,0.0,17,0.0,2.0,0.0,0.0,0.0,2,0,0.0,0,34,,0,0.0,1995
38,0.0,0.0,32.0,0.667,eng,Julian Dicks,DF,26.0,,0.0,5.63,1.0,2.0,6.0,1.0,0.0,32.0,0.0,West Ham United,5.0,0.43,,10,0.28,0.31,89,33.0,0.0,0.18,0.55,0.15,33,5,1.0,4,2940,,18,6.0,1995
39,0.0,0.0,30.0,0.5,wal,Vinnie Jones,MF,30.0,,0.0,9.0,1.0,3.0,6.0,1.0,0.0,30.0,0.0,Wimbledon,1.0,0.37,,3,0.33,0.11,79,27.0,4.0,0.37,0.41,0.07,31,7,3.0,7,2435,,11,1.0,1995
40,0.0,1.0,13.0,0.8,za,Lucas Radebe,"GK,DF",26.0,,0.0,3.46,2.0,1.0,5.0,2.0,0.0,26.0,0.0,Leeds United,0.0,0.0,,0,0.0,0.0,85,10.0,1.0,0.19,0.0,0.0,11,2,0.0,0,930,,0,0.0,1995
41,0.0,0.0,12.0,0.6,sco,Steve Nicol,DF,33.0,,0.0,15.0,1.0,2.0,5.0,1.0,0.0,12.0,0.0,Sheffield Wednesday,0.0,0.0,,0,0.0,0.0,87,18.0,1.0,0.05,0.11,0.0,19,1,0.0,0,1659,,2,0.0,1995
42,,,,,wal,Kit Symons,DF,24.0,,,,,,,,,,,Manchester City,0.0,0.08,,2,0.08,0.05,90,38.0,0.0,0.08,0.29,0.05,38,3,0.0,1,3420,,11,0.0,1995
43,,,,,eng,Teddy Sheringham,FW,29.0,,,,,,,,,,,Tottenham Hotspur,2.0,0.69,,16,0.63,0.42,90,38.0,0.0,0.05,0.92,0.37,38,2,0.0,10,3416,,35,2.0,1995
44,,,,,eng,Steve McManaman,MF,23.0,,,,,,,,,,,Liverpool,0.0,0.48,,6,0.48,0.16,90,38.0,0.0,0.03,0.61,0.16,38,1,0.0,12,3408,,23,0.0,1995
45,,,,,no,Henning Berg,DF,25.0,,,,,,,,,,,Blackburn Rovers,0.0,0.03,,0,0.03,0.0,89,38.0,0.0,0.13,0.19,0.0,38,4,1.0,1,3381,,7,0.0,1995
46,,,,,eng,Paul Merson,"FW,MF",27.0,,,,,,,,,,,Arsenal,0.0,0.29,,5,0.29,0.13,89,38.0,0.0,0.05,0.61,0.13,38,2,0.0,6,3379,,23,0.0,1995
47,,,,,eng,Lee Dixon,DF,31.0,,,,,,,,,,,Arsenal,0.0,0.11,,2,0.11,0.05,88,38.0,0.0,0.05,0.24,0.05,38,2,0.0,2,3330,,9,0.0,1995
48,,,,,eng,Jason Dodd,DF,24.0,,,,,,,,,,,Southampton,0.0,0.14,,2,0.14,0.05,90,37.0,0.0,0.11,0.16,0.05,37,4,0.0,3,3330,,6,0.0,1995
49,,,,,eng,Robbie Fowler,FW,20.0,,,,,,,,,,,Liverpool,1.0,0.82,,28,0.79,0.76,87,36.0,2.0,0.08,1.88,0.74,38,3,0.0,2,3306,,69,1.0,1995
50,,,,,eng,Steve Chettle,DF,26.0,,,,,,,,,,,Nottingham Forest,0.0,0.03,,0,0.03,0.0,89,37.0,0.0,0.14,0.14,0.0,37,4,1.0,1,3306,,5,0.0,1995
51,,,,,eng,Trevor Sinclair,MF,22.0,,,,,,,,,,,Queens Park Rangers,0.0,0.27,,2,0.27,0.05,89,37.0,0.0,0.11,0.52,0.05,37,4,0.0,8,3292,,19,0.0,1995
52,,,,,jm,Robbie Earle,MF,30.0,,,,,,,,,,,Wimbledon,0.0,0.38,,11,0.38,0.3,89,37.0,0.0,0.08,0.68,0.3,37,2,1.0,3,3291,,25,0.0,1995
53,,,,,eng,Neil Shipperley,FW,20.0,,,,,,,,,,,Southampton,0.0,0.27,,8,0.27,0.22,89,37.0,0.0,0.03,0.63,0.22,37,1,0.0,2,3276,,23,0.0,1995
54,,,,,eng,Peter Atherton,"DF,MF",25.0,,,,,,,,,,,Sheffield Wednesday,0.0,0.0,,0,0.0,0.0,90,36.0,0.0,0.14,0.25,0.0,36,5,0.0,0,3240,,9,0.0,1995
55,,,,,eng,Ugo Ehiogu,DF,22.0,,,,,,,,,,,Aston Villa,0.0,0.03,,1,0.03,0.03,90,36.0,0.0,0.19,0.11,0.03,36,7,0.0,0,3240,,4,0.0,1995
56,,,,,eng,Nigel Winterburn,DF,31.0,,,,,,,,,,,Arsenal,0.0,0.08,,2,0.08,0.06,90,36.0,0.0,0.17,0.19,0.06,36,6,0.0,1,3238,,7,0.0,1995
57,,,,,eng,Des Walker,DF,29.0,,,,,,,,,,,Sheffield Wednesday,0.0,0.06,,0,0.06,0.0,90,36.0,0.0,0.06,0.2,0.0,36,2,0.0,2,3223,,7,0.0,1995
58,,,,,ge,Georgi Kinkladze,MF,22.0,,,,,,,,,,,Manchester City,0.0,0.28,,4,0.28,0.11,87,37.0,0.0,0.06,0.61,0.11,37,2,0.0,6,3221,,22,0.0,1995
59,,,,,eng,Rob Lee,MF,29.0,,,,,,,,,,,Newcastle United,1.0,0.34,,8,0.31,0.22,89,36.0,0.0,0.08,0.53,0.2,36,3,0.0,4,3202,,19,1.0,1995
60,,,,,dk,Marc Rieper,DF,27.0,,,,,,,,,,,West Ham United,0.0,0.08,,2,0.08,0.06,86,36.0,1.0,0.06,0.34,0.06,37,2,0.0,1,3195,,12,0.0,1995
61,,,,,rs,Savo Milošević,FW,21.0,,,,,,,,,,,Aston Villa,0.0,0.51,,12,0.51,0.34,89,35.0,1.0,0.17,1.19,0.34,36,6,0.0,6,3187,,42,0.0,1995
62,,,,,eng,Colin Cooper,DF,28.0,,,,,,,,,,,Nottingham Forest,0.0,0.17,,5,0.17,0.14,89,36.0,0.0,0.2,0.28,0.14,36,7,0.0,1,3186,,10,0.0,1995
63,,,,,eng,Chris Perry,DF,22.0,,,,,,,,,,,Wimbledon,0.0,0.03,,0,0.03,0.0,88,35.0,1.0,0.23,0.17,0.0,36,8,0.0,1,3173,,6,0.0,1995
64,,,,,eng,John Barnes,"MF,DF,FW",31.0,,,,,,,,,,,Liverpool,0.0,0.31,,3,0.31,0.09,88,36.0,0.0,0.0,0.51,0.09,36,0,0.0,8,3173,,18,0.0,1995
65,,,,,eng,Alan Wright,DF,23.0,,,,,,,,,,,Aston Villa,0.0,0.11,,2,0.11,0.06,85,37.0,0.0,0.06,0.17,0.06,37,2,0.0,2,3155,,6,0.0,1995
66,,,,,sco,Gary McAllister,MF,30.0,,,,,,,,,,,Leeds United,2.0,0.26,,5,0.2,0.14,90,35.0,0.0,0.03,0.6,0.09,35,1,0.0,4,3150,,21,3.0,1995
67,,,,,eng,Alan Shearer,FW,24.0,,,,,,,,,,,Blackburn Rovers,3.0,1.09,,31,1.0,0.89,90,35.0,0.0,0.11,2.11,0.8,35,4,0.0,7,3150,,74,3.0,1995
68,,,,,eng,Neil Cox,DF,23.0,,,,,,,,,,,Middlesbrough,0.0,0.06,,2,0.06,0.06,90,35.0,0.0,0.2,0.23,0.06,35,7,0.0,0,3150,,8,0.0,1995
69,,,,,eng,Mark Draper,MF,24.0,,,,,,,,,,,Aston Villa,0.0,0.2,,2,0.2,0.06,87,36.0,0.0,0.03,0.34,0.06,36,1,0.0,5,3143,,12,0.0,1995
70,,,,,eng,Nigel Pearson,DF,31.0,,,,,,,,,,,Middlesbrough,0.0,0.0,,0,0.0,0.0,87,36.0,0.0,0.17,0.17,0.0,36,6,0.0,0,3138,,6,0.0,1995
71,,,,,eng,Les Ferdinand,FW,28.0,,,,,,,,,,,Newcastle United,0.0,0.92,,25,0.92,0.72,87,36.0,0.0,0.12,1.53,0.72,36,4,0.0,7,3122,,53,0.0,1995
72,,,,,eng,Jimmy Phillips,DF,29.0,,,,,,,,,,,Bolton Wanderers,0.0,0.03,,0,0.03,0.0,87,36.0,0.0,0.12,0.23,0.0,36,4,0.0,1,3122,,8,0.0,1995
73,,,,,eng,Carlton Palmer,MF,29.0,,,,,,,,,,,Leeds United,0.0,0.09,,2,0.09,0.06,89,35.0,0.0,0.23,0.26,0.06,35,8,0.0,1,3121,,9,0.0,1995
74,,,,,eng,Chris Armstrong,FW,24.0,,,,,,,,,,,Tottenham Hotspur,0.0,0.61,,15,0.61,0.43,89,35.0,0.0,0.12,1.19,0.43,35,4,0.0,6,3105,,41,0.0,1995
75,,,,,eng,John Salako,MF,26.0,,,,,,,,,,,Coventry City,1.0,0.32,,3,0.29,0.09,83,34.0,3.0,0.09,0.53,0.06,37,3,0.0,8,3072,,18,1.0,1995
76,,,,,eng,Steve Stone,MF,23.0,,,,,,,,,,,Nottingham Forest,0.0,0.41,,7,0.41,0.21,89,34.0,0.0,0.09,0.56,0.21,34,3,0.0,7,3041,,19,0.0,1995
77,,,,,eng,David Batty,MF,26.0,,,,,,,,,,,Newcastle United,0.0,0.09,,2,0.09,0.06,89,34.0,0.0,0.21,0.24,0.06,34,7,0.0,1,3015,,8,0.0,1995
78,,,,,eng,Ian Bishop,MF,30.0,,,,,,,,,,,West Ham United,0.0,0.18,,1,0.18,0.03,86,35.0,0.0,0.09,0.33,0.03,35,3,0.0,5,3015,,11,0.0,1995
79,,,,,is,Guðni Bergsson,DF,30.0,,,,,,,,,,,Bolton Wanderers,0.0,0.15,,4,0.15,0.12,89,34.0,0.0,0.3,0.33,0.12,34,9,1.0,1,3015,,11,0.0,1995
80,,,,,de,Uwe Rösler,FW,26.0,,,,,,,,,,,Manchester City,1.0,0.33,,9,0.3,0.27,84,34.0,2.0,0.18,0.72,0.24,36,6,0.0,2,3013,,24,1.0,1995
81,,,,,us,Steve Potts,DF,28.0,,,,,,,,,,,West Ham United,0.0,0.0,,0,0.0,0.0,88,34.0,0.0,0.15,0.09,0.0,34,4,1.0,0,3007,,3,0.0,1995
82,,,,,tt,Dwight Yorke,"MF,FW",23.0,,,,,,,,,,,Aston Villa,2.0,0.69,,17,0.63,0.51,86,35.0,0.0,0.0,1.23,0.45,35,0,0.0,6,3002,,41,2.0,1995
83,,,,,eng,Nicky Summerbee,MF,23.0,,,,,,,,,,,Manchester City,0.0,0.09,,1,0.09,0.03,81,35.0,2.0,0.15,0.3,0.03,37,4,1.0,2,2997,,10,0.0,1995
84,,,,,eng,Dennis Wise,MF,28.0,,,,,,,,,,,Chelsea,2.0,0.3,,7,0.24,0.21,86,34.0,1.0,0.3,0.54,0.15,35,10,0.0,3,2994,,18,3.0,1995
85,,,,,eng,Matt Le Tissier,"FW,MF",26.0,,,,,,,,,,,Southampton,3.0,0.57,,7,0.48,0.21,88,34.0,0.0,0.36,1.05,0.12,34,11,1.0,12,2988,,35,3.0,1995
86,,,,,eng,Dave Watson,DF,33.0,,,,,,,,,,,Everton,0.0,0.06,,1,0.06,0.03,88,34.0,0.0,0.21,0.12,0.03,34,6,1.0,1,2987,,4,0.0,1995
87,,,,,eng,Martin Keown,"MF,DF",29.0,,,,,,,,,,,Arsenal,0.0,0.0,,0,0.0,0.0,88,34.0,0.0,0.18,0.18,0.0,34,6,0.0,0,2981,,6,0.0,1995
88,,,,,eng,Darren Peacock,DF,27.0,,,,,,,,,,,Newcastle United,0.0,0.03,,0,0.03,0.0,88,33.0,1.0,0.12,0.15,0.0,34,4,0.0,1,2979,,5,0.0,1995
89,,,,,eng,Dion Dublin,"FW,DF",26.0,,,,,,,,,,,Coventry City,0.0,0.45,,14,0.45,0.42,87,34.0,0.0,0.06,1.42,0.42,34,2,0.0,1,2970,,47,0.0,1995
90,,,,,eng,David Wetherall,DF,24.0,,,,,,,,,,,Leeds United,0.0,0.15,,3,0.15,0.09,90,33.0,0.0,0.15,0.3,0.09,33,5,0.0,2,2970,,10,0.0,1995
91,,,,,nir,Iain Dowie,FW,30.0,,,,,,,,,,,West Ham United,0.0,0.27,,8,0.27,0.24,90,33.0,0.0,0.18,0.79,0.24,33,6,0.0,1,2967,,26,0.0,1995
92,,,,,eng,Ian Woan,MF,27.0,,,,,,,,,,,Nottingham Forest,0.0,0.49,,8,0.49,0.24,90,33.0,0.0,0.15,0.7,0.24,33,5,0.0,8,2956,,23,0.0,1995
93,,,,,ie,Gary Kelly,DF,21.0,,,,,,,,,,,Leeds United,0.0,0.15,,0,0.15,0.0,90,33.0,0.0,0.15,0.18,0.0,33,4,1.0,5,2955,,6,0.0,1995
94,,,,,eng,Kevin Richardson,MF,32.0,,,,,,,,,,,Coventry City,0.0,0.21,,0,0.21,0.0,90,33.0,0.0,0.21,0.21,0.0,33,6,1.0,7,2952,,7,0.0,1995
95,,,,,eng,Simon Barker,MF,30.0,,,,,,,,,,,Queens Park Rangers,0.0,0.21,,5,0.21,0.15,89,33.0,0.0,0.28,0.43,0.15,33,9,0.0,2,2944,,14,0.0,1995
96,,,,,fr,David Ginola,"MF,FW",28.0,,,,,,,,,,,Newcastle United,0.0,0.43,,5,0.43,0.15,86,34.0,0.0,0.18,0.77,0.15,34,6,0.0,9,2930,,25,0.0,1995
97,,,,,sco,Colin Hendry,DF,29.0,,,,,,,,,,,Blackburn Rovers,0.0,0.03,,1,0.03,0.03,89,33.0,0.0,0.28,0.12,0.03,33,9,0.0,0,2930,,4,0.0,1995
98,,,,,eng,Tim Sherwood,MF,26.0,,,,,,,,,,,Blackburn Rovers,0.0,0.18,,4,0.18,0.12,89,33.0,0.0,0.28,0.49,0.12,33,9,0.0,2,2929,,16,0.0,1995
99,,,,,nl,Dennis Bergkamp,FW,26.0,,,,,,,,,,,Arsenal,0.0,0.55,,11,0.55,0.34,89,33.0,0.0,0.15,1.29,0.34,33,5,0.0,7,2925,,42,0.0,1995
100,,,,,eng,Chris Fairclough,DF,31.0,,,,,,,,,,,Bolton Wanderers,0.0,0.0,,0,0.0,0.0,88,33.0,0.0,0.15,0.09,0.0,33,5,0.0,0,2916,,3,0.0,1995
101,,,,,eng,Gary Charles,DF,25.0,,,,,,,,,,,Aston Villa,0.0,0.19,,1,0.19,0.03,86,34.0,0.0,0.03,0.15,0.03,34,1,0.0,5,2909,,5,0.0,1995
102,,,,,eng,Des Lyttle,DF,23.0,,,,,,,,,,,Nottingham Forest,0.0,0.06,,1,0.06,0.03,88,32.0,1.0,0.0,0.16,0.03,33,0,0.0,1,2890,,5,0.0,1995
103,,,,,eng,Chris Bart-Williams,"DF,MF",21.0,,,,,,,,,,,Nottingham Forest,0.0,0.09,,0,0.09,0.0,90,32.0,0.0,0.06,0.37,0.0,32,2,0.0,3,2880,,12,0.0,1995
104,,,,,eng,Nick Barmby,"MF,FW",21.0,,,,,,,,,,,Middlesbrough,0.0,0.44,,7,0.44,0.22,90,32.0,0.0,0.12,0.62,0.22,32,4,0.0,7,2880,,20,1.0,1995
105,,,,,eng,Steve Vickers,DF,27.0,,,,,,,,,,,Middlesbrough,0.0,0.09,,1,0.09,0.03,90,32.0,0.0,0.03,0.19,0.03,32,1,0.0,2,2880,,6,0.0,1995
106,,,,,eng,Keith Curle,DF,31.0,,,,,,,,,,,Manchester City,0.0,0.0,,0,0.0,0.0,90,32.0,0.0,0.22,0.16,0.0,32,7,0.0,0,2880,,5,1.0,1995
107,,,,,ie,Kenny Cunningham,DF,24.0,,,,,,,,,,,Wimbledon,0.0,0.03,,0,0.03,0.0,87,32.0,1.0,0.19,0.13,0.0,33,6,0.0,1,2857,,4,0.0,1995
108,,,,,ie,Andy Townsend,MF,32.0,,,,,,,,,,,Aston Villa,0.0,0.25,,2,0.25,0.06,86,32.0,1.0,0.32,0.35,0.06,33,9,1.0,6,2836,,11,0.0,1995
109,,,,,nir,Steve Lomas,MF,21.0,,,,,,,,,,,Manchester City,0.0,0.22,,3,0.22,0.1,85,33.0,0.0,0.29,0.38,0.1,33,8,1.0,4,2817,,12,0.0,1995
110,,,,,ie,Jason McAteer,MF,24.0,,,,,,,,,,,Liverpool,0.0,0.29,,0,0.29,0.0,85,31.0,2.0,0.13,0.29,0.0,33,4,0.0,9,2805,,9,0.0,1995
111,,,,,eng,Stuart Pearce,DF,33.0,,,,,,,,,,,Nottingham Forest,2.0,0.16,,3,0.1,0.1,90,31.0,0.0,0.13,0.39,0.03,31,4,0.0,2,2790,,12,2.0,1995
112,,,,,eng,Brian Deane,FW,27.0,,,,,,,,,,,Leeds United,0.0,0.32,,7,0.32,0.23,85,29.0,4.0,0.13,0.9,0.23,33,4,0.0,3,2790,,28,0.0,1995
113,,,,,eng,Gary Mabbutt,"DF,MF",33.0,,,,,,,,,,,Tottenham Hotspur,0.0,0.03,,0,0.03,0.0,90,31.0,0.0,0.13,0.06,0.0,31,4,0.0,1,2790,,2,0.0,1995
114,,,,,"ru,su",Andrei Kanchelskis,"MF,DF",28.0,,,,,,,,,,,Everton,0.0,0.81,,16,0.81,0.52,87,32.0,0.0,0.06,1.13,0.52,32,2,0.0,9,2785,,35,0.0,1995
115,,,,,eng,Peter Beardsley,"MF,FW",34.0,,,,,,,,,,,Newcastle United,2.0,0.55,,8,0.48,0.26,84,33.0,0.0,0.19,0.84,0.19,33,6,0.0,9,2784,,26,3.0,1995
116,,,,,ie,Jeff Kenna,DF,24.0,,,,,,,,,,,Blackburn Rovers,0.0,0.07,,0,0.07,0.0,87,32.0,0.0,0.07,0.1,0.0,32,2,0.0,2,2769,,3,0.0,1995
117,,,,,eng,Gareth Southgate,DF,24.0,,,,,,,,,,,Aston Villa,0.0,0.07,,1,0.07,0.03,89,31.0,0.0,0.07,0.13,0.03,31,2,0.0,1,2755,,4,0.0,1995
118,,,,,eng,Paul Williams,DF,24.0,,,,,,,,,,,Coventry City,0.0,0.1,,3,0.1,0.1,83,31.0,2.0,0.29,0.36,0.1,33,9,0.0,0,2751,,11,0.0,1995
119,,,,,nir,Jim Magilton,"DF,MF",26.0,,,,,,,,,,,Southampton,1.0,0.1,,3,0.07,0.1,81,34.0,0.0,0.07,0.33,0.07,34,2,0.0,0,2748,,10,1.0,1995
120,,,,,nl,Ruud Gullit,"FW,MF",32.0,,,,,,,,,,,Chelsea,0.0,0.33,,3,0.33,0.1,88,31.0,0.0,0.07,0.62,0.1,31,2,0.0,7,2736,,19,0.0,1995
121,,,,,ie,Denis Irwin,DF,29.0,,,,,,,,,,,Manchester United,0.0,0.2,,1,0.2,0.03,88,31.0,0.0,0.13,0.2,0.03,31,4,0.0,5,2735,,6,0.0,1995
122,,,,,eng,Ian Wright,FW,31.0,,,,,,,,,,,Arsenal,3.0,0.63,,15,0.53,0.49,88,31.0,0.0,0.26,1.45,0.4,31,8,0.0,4,2734,,44,5.0,1995
123,,,,,eng,Andy Cole,FW,23.0,,,,,,,,,,,Manchester United,0.0,0.56,,11,0.56,0.36,80,32.0,2.0,0.13,1.02,0.36,34,4,0.0,6,2731,,31,0.0,1995
124,,,,,eng,Rob Jones,DF,23.0,,,,,,,,,,,Liverpool,0.0,0.17,,0,0.17,0.0,82,33.0,0.0,0.07,0.2,0.0,33,2,0.0,5,2704,,6,0.0,1995
125,,,,,wal,Ryan Giggs,"FW,MF",21.0,,,,,,,,,,,Manchester United,0.0,0.9,,11,0.9,0.37,82,30.0,3.0,0.0,0.87,0.37,33,0,0.0,16,2703,,26,0.0,1995
126,,,,,nl,Ken Monkou,DF,30.0,,,,,,,,,,,Southampton,0.0,0.07,,2,0.07,0.07,84,31.0,1.0,0.2,0.3,0.07,32,6,0.0,0,2701,,9,0.0,1995
127,,,,,wal,Mark Hughes,FW,31.0,,,,,,,,,,,Chelsea,1.0,0.47,,8,0.43,0.27,87,31.0,0.0,0.43,0.73,0.23,31,12,1.0,6,2699,,22,1.0,1995
128,,,,,eng,Dean Holdsworth,FW,26.0,,,,,,,,,,,Wimbledon,1.0,0.4,,10,0.37,0.33,82,31.0,2.0,0.27,0.87,0.3,33,7,1.0,2,2691,,26,1.0,1995
129,,,,,fr,Eric Cantona,FW,29.0,,,,,,,,,,,Manchester United,4.0,0.84,,14,0.7,0.47,89,30.0,0.0,0.03,1.14,0.34,30,1,0.0,11,2682,,34,4.0,1995
130,,,,,be,Marc Degryse,FW,29.0,,,,,,,,,,,Sheffield Wednesday,0.0,0.4,,8,0.4,0.27,79,30.0,4.0,0.0,0.87,0.27,34,0,0.0,4,2681,,26,0.0,1995
131,,,,,ro,Dan Petrescu,DF,27.0,,,,,,,,,,,Chelsea,0.0,0.3,,2,0.3,0.07,84,31.0,1.0,0.23,0.3,0.07,32,7,0.0,7,2681,,9,0.0,1995
132,,,,,sco,Paul Telfer,"DF,MF",23.0,,,,,,,,,,,Coventry City,0.0,0.14,,1,0.14,0.03,86,31.0,0.0,0.17,0.34,0.03,31,5,0.0,3,2657,,10,0.0,1995
133,,,,,eng,Richard Hall,DF,23.0,,,,,,,,,,,Southampton,0.0,0.03,,1,0.03,0.03,89,30.0,0.0,0.17,0.2,0.03,30,5,0.0,0,2655,,6,0.0,1995
134,,,,,eng,Nicky Butt,"MF,DF",20.0,,,,,,,,,,,Manchester United,0.0,0.17,,2,0.17,0.07,83,31.0,1.0,0.31,0.27,0.07,32,8,1.0,3,2649,,8,0.0,1995
135,,,,,eng,Jamie Pollock,MF,21.0,,,,,,,,,,,Middlesbrough,0.0,0.07,,1,0.07,0.03,85,31.0,0.0,0.31,0.27,0.03,31,9,0.0,1,2635,,8,0.0,1995
136,,,,,eng,Sol Campbell,"FW,DF",20.0,,,,,,,,,,,Tottenham Hotspur,0.0,0.14,,1,0.14,0.03,85,31.0,0.0,0.07,0.14,0.03,31,2,0.0,3,2624,,4,0.0,1995
137,,,,,eng,Gary Neville,DF,20.0,,,,,,,,,,,Manchester United,0.0,0.14,,0,0.14,0.0,87,29.0,1.0,0.21,0.17,0.0,30,6,0.0,4,2619,,5,0.0,1995
138,,,,,eng,Warren Barton,DF,26.0,,,,,,,,,,,Newcastle United,0.0,0.14,,0,0.14,0.0,84,30.0,1.0,0.1,0.17,0.0,31,3,0.0,4,2610,,5,0.0,1995
139,,,,,eng,Steve Yates,DF,25.0,,,,,,,,,,,Queens Park Rangers,0.0,0.0,,0,0.0,0.0,90,29.0,0.0,0.1,0.07,0.0,29,3,0.0,0,2607,,2,0.0,1995
140,,,,,eng,Tony Cottee,FW,30.0,,,,,,,,,,,West Ham United,0.0,0.42,,10,0.42,0.35,79,30.0,3.0,0.03,1.11,0.35,33,1,0.0,2,2598,,32,0.0,1995
141,,,,,eng,Stan Collymore,FW,24.0,,,,,,,,,,,Liverpool,0.0,0.81,,14,0.81,0.49,83,30.0,1.0,0.07,1.51,0.49,31,2,0.0,9,2567,,43,0.0,1995
142,,,,,eng,Alan Kimble,DF,28.0,,,,,,,,,,,Wimbledon,0.0,0.28,,0,0.28,0.0,82,31.0,0.0,0.07,0.18,0.0,31,2,0.0,8,2550,,5,0.0,1995
143,,,,,eng,David Unsworth,DF,21.0,,,,,,,,,,,Everton,2.0,0.11,,2,0.04,0.07,85,27.0,3.0,0.18,0.28,0.0,30,4,1.0,1,2547,,8,2.0,1995
144,,,,,eng,David Lee,DF,25.0,,,,,,,,,,,Chelsea,0.0,0.04,,1,0.04,0.04,82,29.0,2.0,0.07,0.25,0.04,31,2,0.0,0,2544,,7,0.0,1995
145,,,,,ie,Paul McGrath,DF,35.0,,,,,,,,,,,Aston Villa,0.0,0.07,,2,0.07,0.07,85,29.0,1.0,0.11,0.21,0.07,30,3,0.0,0,2540,,6,0.0,1995
146,,,,,eng,Dean Austin,DF,25.0,,,,,,,,,,,Tottenham Hotspur,0.0,0.04,,0,0.04,0.0,90,28.0,0.0,0.29,0.11,0.0,28,8,0.0,1,2520,,3,0.0,1995
147,,,,,eng,Clive Wilson,DF,33.0,,,,,,,,,,,Tottenham Hotspur,0.0,0.14,,0,0.14,0.0,90,28.0,0.0,0.04,0.18,0.0,28,1,0.0,4,2520,,5,0.0,1995
148,,,,,eng,David Beckham,MF,20.0,,,,,,,,,,,Manchester United,0.0,0.46,,7,0.46,0.25,79,25.0,7.0,0.18,0.79,0.25,32,5,0.0,6,2518,,22,0.0,1995
149,,,,,eng,Steve Bruce,DF,34.0,,,,,,,,,,,Manchester United,0.0,0.04,,1,0.04,0.04,84,30.0,0.0,0.18,0.29,0.04,30,5,0.0,0,2508,,8,0.0,1995
150,,,,,eng,David Howells,MF,27.0,,,,,,,,,,,Tottenham Hotspur,0.0,0.14,,3,0.14,0.11,86,29.0,0.0,0.22,0.47,0.11,29,6,0.0,1,2505,,13,0.0,1995
151,,,,,ms,Ruel Fox,MF,27.0,,,,,,,,,,,Tottenham Hotspur,0.0,0.36,,6,0.36,0.22,83,28.0,2.0,0.04,0.72,0.22,30,1,0.0,4,2503,,20,0.0,1995
152,,,,,ie,Phil Babb,DF,24.0,,,,,,,,,,,Liverpool,0.0,0.0,,0,0.0,0.0,89,28.0,0.0,0.07,0.14,0.0,28,2,0.0,0,2502,,4,0.0,1995
153,,,,,eng,Francis Benali,DF,26.0,,,,,,,,,,,Southampton,0.0,0.0,,0,0.0,0.0,86,28.0,1.0,0.22,0.07,0.0,29,6,0.0,0,2501,,2,0.0,1995
154,,,,,eng,Andy Impey,"DF,MF",23.0,,,,,,,,,,,Queens Park Rangers,0.0,0.22,,3,0.22,0.11,86,28.0,1.0,0.11,0.32,0.11,29,2,1.0,3,2500,,9,0.0,1995
155,,,,,eng,Steve Howey,DF,23.0,,,,,,,,,,,Newcastle United,0.0,0.07,,1,0.07,0.04,89,28.0,0.0,0.07,0.22,0.04,28,2,0.0,1,2500,,6,0.0,1995
156,,,,,eng,Graham Stuart,"FW,MF",24.0,,,,,,,,,,,Everton,0.0,0.43,,9,0.43,0.33,86,27.0,2.0,0.11,0.76,0.33,29,3,0.0,3,2488,,21,0.0,1995
157,,,,,eng,David Platt,MF,29.0,,,,,,,,,,,Arsenal,0.0,0.33,,6,0.33,0.22,86,27.0,2.0,0.11,0.76,0.22,29,3,0.0,3,2488,,21,0.0,1995
158,,,,,eng,Danny Williamson,MF,21.0,,,,,,,,,,,West Ham United,0.0,0.29,,4,0.29,0.15,85,28.0,1.0,0.15,0.58,0.15,29,4,0.0,4,2477,,16,0.0,1995
159,,,,,nir,Ian Nolan,DF,25.0,,,,,,,,,,,Sheffield Wednesday,0.0,0.15,,0,0.15,0.0,85,29.0,0.0,0.04,0.18,0.0,29,1,0.0,4,2475,,5,0.0,1995
160,,,,,eng,David Bardsley,DF,30.0,,,,,,,,,,,Queens Park Rangers,0.0,0.07,,0,0.07,0.0,82,29.0,1.0,0.22,0.18,0.0,30,5,1.0,2,2472,,5,0.0,1995
161,,,,,nir,Michael Hughes,MF,23.0,,,,,,,,,,,West Ham United,0.0,0.26,,0,0.26,0.0,88,28.0,0.0,0.07,0.55,0.0,28,2,0.0,7,2466,,15,0.0,1995
162,,,,,ie,Roy Keane,MF,23.0,,,,,,,,,,,Manchester United,0.0,0.22,,6,0.22,0.22,82,30.0,0.0,0.33,0.55,0.22,30,7,2.0,0,2465,,15,0.0,1995
163,,,,,no,Øyvind Leonhardsen,MF,24.0,,,,,,,,,,,Wimbledon,0.0,0.33,,4,0.33,0.15,85,28.0,1.0,0.22,0.55,0.15,29,6,0.0,5,2464,,15,0.0,1995
164,,,,,sco,John McGinlay,FW,31.0,,,,,,,,,,,Bolton Wanderers,1.0,0.22,,6,0.18,0.22,77,29.0,3.0,0.15,0.8,0.18,32,4,0.0,0,2463,,22,1.0,1995
165,,,,,eng,Ally Pickering,DF,28.0,,,,,,,,,,,Coventry City,0.0,0.04,,0,0.04,0.0,84,25.0,4.0,0.15,0.22,0.0,29,4,0.0,1,2442,,6,0.0,1995
166,,,,,rs,Saša Ćurčić,MF,23.0,,,,,,,,,,,Bolton Wanderers,0.0,0.44,,4,0.44,0.15,90,27.0,0.0,0.11,0.59,0.15,27,3,0.0,8,2431,,16,0.0,1995
167,,,,,eng,Mark Wright,DF,31.0,,,,,,,,,,,Liverpool,0.0,0.11,,2,0.11,0.07,86,28.0,0.0,0.26,0.19,0.07,28,7,0.0,1,2416,,5,0.0,1995
168,,,,,eng,Guy Whittingham,FW,30.0,,,,,,,,,,,Sheffield Wednesday,0.0,0.41,,6,0.41,0.22,86,26.0,2.0,0.15,0.6,0.22,28,4,0.0,5,2413,,16,0.0,1995
169,,,,,eng,John Scales,DF,29.0,,,,,,,,,,,Liverpool,0.0,0.04,,0,0.04,0.0,89,27.0,0.0,0.11,0.15,0.0,27,3,0.0,1,2404,,4,0.0,1995
170,,,,,zw,Peter Ndlovu,FW,22.0,,,,,,,,,,,Coventry City,0.0,0.26,,5,0.26,0.19,75,27.0,5.0,0.07,0.79,0.19,32,2,0.0,2,2400,,21,1.0,1995
171,,,,,eng,Scott Green,DF,25.0,,,,,,,,,,,Bolton Wanderers,0.0,0.11,,3,0.11,0.11,77,27.0,4.0,0.08,0.38,0.11,31,2,0.0,0,2385,,10,0.0,1995
172,,,,,eng,Joe Parkinson,MF,24.0,,,,,,,,,,,Everton,0.0,0.15,,3,0.15,0.11,85,28.0,0.0,0.34,0.38,0.11,28,9,0.0,1,2385,,10,0.0,1995
173,,,,,il,Ronny Rosenthal,"MF,FW",31.0,,,,,,,,,,,Tottenham Hotspur,0.0,0.11,,1,0.11,0.04,72,26.0,7.0,0.08,0.61,0.04,33,2,0.0,2,2368,,16,0.0,1995
174,,,,,ng,Efan Ekoku,FW,28.0,,,,,,,,,,,Wimbledon,0.0,0.35,,7,0.35,0.27,73,29.0,3.0,0.19,0.84,0.27,32,5,0.0,2,2345,,22,0.0,1995
175,,,,,eng,Ian Holloway,MF,32.0,,,,,,,,,,,Queens Park Rangers,0.0,0.12,,1,0.12,0.04,87,26.0,1.0,0.19,0.31,0.04,27,5,0.0,2,2343,,8,0.0,1995
176,,,,,sco,Scot Gemmill,MF,24.0,,,,,,,,,,,Nottingham Forest,0.0,0.15,,1,0.15,0.04,76,26.0,5.0,0.15,0.27,0.04,31,4,0.0,3,2341,,7,0.0,1995
177,,,,,no,Jan Åge Fjørtoft,FW,28.0,,,,,,,,,,,Middlesbrough,0.0,0.38,,6,0.38,0.23,84,27.0,1.0,0.12,0.88,0.23,28,3,0.0,4,2341,,23,0.0,1995
178,,,,,wal,Gary Speed,MF,25.0,,,,,,,,,,,Leeds United,0.0,0.15,,2,0.15,0.08,86,27.0,0.0,0.08,0.62,0.08,27,2,0.0,2,2333,,16,0.0,1995
179,,,,,eng,Kevin Gallen,FW,19.0,,,,,,,,,,,Queens Park Rangers,0.0,0.46,,8,0.46,0.31,80,26.0,3.0,0.0,1.08,0.31,29,0,0.0,4,2326,,28,1.0,1995
180,,,,,eng,Ian Brightwell,DF,27.0,,,,,,,,,,,Manchester City,0.0,0.0,,0,0.0,0.0,80,26.0,3.0,0.19,0.19,0.0,29,4,1.0,0,2323,,5,0.0,1995
181,,,,,eng,Rufus Brevett,DF,25.0,,,,,,,,,,,Queens Park Rangers,0.0,0.08,,1,0.08,0.04,86,26.0,1.0,0.23,0.19,0.04,27,6,0.0,1,2320,,5,0.0,1995
182,,,,,eng,David Hirst,FW,27.0,,,,,,,,,,,Sheffield Wednesday,4.0,0.71,,13,0.55,0.51,76,29.0,1.0,0.08,0.91,0.35,30,1,1.0,5,2286,,23,4.0,1995
183,,,,,sco,Colin Calderwood,DF,30.0,,,,,,,,,,,Tottenham Hotspur,0.0,0.0,,0,0.0,0.0,76,27.0,3.0,0.24,0.12,0.0,30,6,0.0,0,2275,,3,0.0,1995
184,,,,,nir,Alan McDonald,DF,31.0,,,,,,,,,,,Queens Park Rangers,0.0,0.08,,1,0.08,0.04,88,25.0,1.0,0.28,0.16,0.04,26,7,0.0,1,2274,,4,0.0,1995
185,,,,,eng,Garry Flitcroft,MF,22.0,,,,,,,,,,,Blackburn Rovers,0.0,0.0,,0,0.0,0.0,83,27.0,0.0,0.44,0.28,0.0,27,10,1.0,0,2229,,7,0.0,1995
186,,,,,eng,Stuart Ripley,"MF,FW",27.0,,,,,,,,,,,Blackburn Rovers,0.0,0.36,,0,0.36,0.0,79,28.0,0.0,0.04,0.45,0.0,28,1,0.0,9,2224,,11,0.0,1995
187,,,,,wal,Barry Horne,MF,33.0,,,,,,,,,,,Everton,0.0,0.08,,1,0.08,0.04,85,25.0,1.0,0.41,0.32,0.04,26,9,1.0,1,2221,,8,0.0,1995
188,,,,,ie,Niall Quinn,FW,28.0,,,,,,,,,,,Manchester City,0.0,0.57,,8,0.57,0.33,69,24.0,8.0,0.16,1.54,0.33,32,4,0.0,6,2215,,38,0.0,1995
189,,,,,eng,Chris Waddle,"FW,MF",34.0,,,,,,,,,,,Sheffield Wednesday,0.0,0.37,,2,0.37,0.08,69,23.0,9.0,0.04,0.53,0.08,32,1,0.0,7,2199,,13,0.0,1995
190,,,,,eng,Jason Dozzell,MF,27.0,,,,,,,,,,,Tottenham Hotspur,0.0,0.12,,3,0.12,0.12,78,24.0,4.0,0.37,0.49,0.12,28,9,0.0,0,2196,,12,0.0,1995
191,,,,,eng,Andy Hinchcliffe,DF,26.0,,,,,,,,,,,Everton,2.0,0.29,,2,0.21,0.08,64,29.0,5.0,0.16,0.37,0.0,34,4,0.0,5,2191,,9,2.0,1995
192,,,,,eng,Alan Stubbs,DF,23.0,,,,,,,,,,,Bolton Wanderers,0.0,0.25,,4,0.25,0.17,87,24.0,1.0,0.04,0.5,0.17,25,1,0.0,2,2180,,12,0.0,1995
193,,,,,nl,Bryan Roy,"FW,MF",25.0,,,,,,,,,,,Nottingham Forest,1.0,0.5,,8,0.46,0.33,77,25.0,3.0,0.13,1.0,0.29,28,3,0.0,4,2158,,24,1.0,1995
194,,,,,eng,Ian Taylor,MF,27.0,,,,,,,,,,,Aston Villa,0.0,0.25,,3,0.25,0.13,86,24.0,1.0,0.21,0.46,0.13,25,5,0.0,3,2142,,11,0.0,1995
195,,,,,eng,Marcus Hall,DF,19.0,,,,,,,,,,,Coventry City,0.0,0.04,,0,0.04,0.0,85,24.0,1.0,0.04,0.13,0.0,25,1,0.0,1,2134,,3,0.0,1995
196,,,,,eng,Noel Whelan,FW,20.0,,,,,,,,,,,Coventry City,0.0,0.51,,8,0.51,0.34,74,24.0,5.0,0.13,0.93,0.34,29,3,0.0,4,2131,,22,0.0,1995
197,,,,,eng,John Ebbrell,MF,25.0,,,,,,,,,,,Everton,0.0,0.3,,4,0.3,0.17,85,24.0,1.0,0.21,0.34,0.17,25,5,0.0,3,2126,,8,0.0,1995
198,,,,,nir,Keith Gillespie,"FW,MF",20.0,,,,,,,,,,,Newcastle United,0.0,0.55,,4,0.55,0.17,76,26.0,2.0,0.13,0.68,0.17,28,3,0.0,9,2123,,16,0.0,1995
199,,,,,eng,Mike Newell,FW,30.0,,,,,,,,,,,Blackburn Rovers,0.0,0.42,,3,0.42,0.13,71,26.0,4.0,0.3,0.81,0.13,30,7,0.0,7,2118,,19,0.0,1995
200,,,,,sco,Derek Whyte,DF,26.0,,,,,,,,,,,Middlesbrough,0.0,0.04,,0,0.04,0.0,84,24.0,1.0,0.39,0.17,0.0,25,8,1.0,1,2091,,4,0.0,1995
201,,,,,eng,Simon Charlton,DF,23.0,,,,,,,,,,,Southampton,0.0,0.0,,0,0.0,0.0,84,23.0,2.0,0.17,0.34,0.0,25,4,0.0,0,2090,,8,0.0,1995
202,,,,,eng,Alan Thompson,MF,21.0,,,,,,,,,,,Bolton Wanderers,1.0,0.17,,1,0.13,0.04,80,23.0,3.0,0.34,0.52,0.0,26,8,0.0,3,2087,,12,1.0,1995
203,,,,,eng,Lee Clark,MF,22.0,,,,,,,,,,,Newcastle United,0.0,0.09,,2,0.09,0.09,77,21.0,6.0,0.04,0.52,0.09,27,1,0.0,0,2081,,12,0.0,1995
204,,,,,eng,Lee Sharpe,MF,24.0,,,,,,,,,,,Manchester United,0.0,0.26,,4,0.26,0.17,67,22.0,9.0,0.13,0.57,0.17,31,3,0.0,2,2066,,13,0.0,1995
205,,,,,eng,Danny Dichio,FW,20.0,,,,,,,,,,,Queens Park Rangers,0.0,0.61,,10,0.61,0.44,71,22.0,7.0,0.35,0.92,0.44,29,7,1.0,4,2053,,21,0.0,1995
206,,,,,wal,Mark Pembridge,MF,24.0,,,,,,,,,,,Sheffield Wednesday,0.0,0.13,,2,0.13,0.09,85,23.0,1.0,0.0,0.4,0.09,24,0,0.0,1,2050,,9,0.0,1995
207,,,,,no,Lars Bohinen,MF,25.0,,,,,,,,,,,Blackburn Rovers,0.0,0.22,,4,0.22,0.18,82,23.0,2.0,0.18,0.44,0.18,25,4,0.0,1,2042,,10,0.0,1995
208,,,,,eng,Steve Harkness,DF,23.0,,,,,,,,,,,Liverpool,0.0,0.04,,1,0.04,0.04,85,23.0,1.0,0.18,0.27,0.04,24,4,0.0,0,2030,,6,0.0,1995
209,,,,,sco,John Spencer,FW,24.0,,,,,,,,,,,Chelsea,0.0,0.67,,13,0.67,0.58,72,23.0,5.0,0.22,1.25,0.58,28,5,0.0,2,2008,,28,0.0,1995
210,,,,,jm,Marcus Gayle,"FW,MF",24.0,,,,,,,,,,,Wimbledon,0.0,0.32,,5,0.32,0.23,61,21.0,12.0,0.0,0.77,0.23,33,0,0.0,2,1997,,17,0.0,1995
211,,,,,eng,Craig Short,DF,27.0,,,,,,,,,,,Everton,0.0,0.09,,2,0.09,0.09,87,22.0,1.0,0.27,0.27,0.09,23,6,0.0,0,1994,,6,0.0,1995
212,,,,,eng,Alan Reeves,DF,27.0,,,,,,,,,,,Wimbledon,0.0,0.05,,1,0.05,0.05,79,22.0,3.0,0.05,0.32,0.05,25,1,0.0,0,1984,,7,0.0,1995
213,,,,,ie,Chris Morris,DF,31.0,,,,,,,,,,,Middlesbrough,0.0,0.14,,2,0.14,0.09,86,22.0,1.0,0.41,0.36,0.09,23,9,0.0,1,1980,,8,0.0,1995
214,,,,,sco,Steve Clarke,DF,31.0,,,,,,,,,,,Chelsea,0.0,0.0,,0,0.0,0.0,88,21.0,1.0,0.09,0.09,0.0,22,2,0.0,0,1935,,2,0.0,1995
215,,,,,eng,Michael Duberry,DF,19.0,,,,,,,,,,,Chelsea,0.0,0.05,,0,0.05,0.0,86,22.0,0.0,0.14,0.19,0.0,22,3,0.0,1,1895,,4,0.0,1995
216,,,,,eng,Tony Adams,DF,28.0,,,,,,,,,,,Arsenal,0.0,0.05,,1,0.05,0.05,90,21.0,0.0,0.24,0.24,0.05,21,4,1.0,0,1890,,5,0.0,1995
217,,,,,eng,Richard Shaw,DF,26.0,,,,,,,,,,,Coventry City,0.0,0.0,,0,0.0,0.0,90,21.0,0.0,0.19,0.14,0.0,21,3,1.0,0,1889,,3,0.0,1995
218,,,,,eng,Jason Lee,FW,24.0,,,,,,,,,,,Nottingham Forest,0.0,0.38,,8,0.38,0.38,67,21.0,7.0,0.29,1.0,0.38,28,5,1.0,0,1884,,21,0.0,1995
219,,,,,eng,Barry Venison,DF,30.0,,,,,,,,,,,Southampton,0.0,0.0,,0,0.0,0.0,86,21.0,1.0,0.29,0.38,0.0,22,6,0.0,0,1882,,8,0.0,1995
220,,,,,gh,Tony Yeboah,FW,29.0,,,,,,,,,,,Leeds United,0.0,0.57,,12,0.57,0.57,90,21.0,0.0,0.05,1.24,0.57,21,1,0.0,0,1880,,26,0.0,1995
221,,,,,eng,Lee Briscoe,"DF,MF",19.0,,,,,,,,,,,Sheffield Wednesday,0.0,0.15,,0,0.15,0.0,74,22.0,3.0,0.05,0.34,0.0,25,1,0.0,3,1859,,7,0.0,1995
222,,,,,eng,Gary Pallister,DF,30.0,,,,,,,,,,,Manchester United,0.0,0.1,,1,0.1,0.05,89,21.0,0.0,0.15,0.1,0.05,21,3,0.0,1,1858,,2,0.0,1995
223,,,,,ie,Terry Phelan,DF,28.0,,,,,,,,,,,Chelsea,0.0,0.05,,0,0.05,0.0,88,21.0,0.0,0.24,0.15,0.0,21,5,0.0,1,1841,,3,0.0,1995
224,,,,,eng,Brian Borrows,DF,34.0,,,,,,,,,,,Coventry City,0.0,0.0,,0,0.0,0.0,84,22.0,0.0,0.39,0.29,0.0,22,8,0.0,0,1839,,6,0.0,1995
225,,,,,se,Anders Limpar,MF,29.0,,,,,,,,,,,Everton,0.0,0.44,,3,0.44,0.15,66,23.0,5.0,0.25,0.69,0.15,28,5,0.0,6,1835,,14,0.0,1995
226,,,,,eng,Eddie Newton,MF,23.0,,,,,,,,,,,Chelsea,0.0,0.05,,1,0.05,0.05,76,21.0,3.0,0.2,0.25,0.05,24,4,0.0,0,1826,,5,0.0,1995
227,,,,,eng,Robbie Mustoe,MF,26.0,,,,,,,,,,,Middlesbrough,0.0,0.05,,1,0.05,0.05,86,21.0,0.0,0.15,0.25,0.05,21,3,0.0,0,1814,,5,0.0,1995
228,,,,,eng,Phil Neville,"MF,DF",18.0,,,,,,,,,,,Manchester United,0.0,0.05,,0,0.05,0.0,76,21.0,3.0,0.1,0.15,0.0,24,2,0.0,1,1814,,3,0.0,1995
229,,,,,eng,Tim Breacker,DF,30.0,,,,,,,,,,,West Ham United,0.0,0.0,,0,0.0,0.0,82,19.0,3.0,0.35,0.35,0.0,22,7,0.0,0,1808,,7,0.0,1995
230,,,,,be,Philippe Albert,DF,27.0,,,,,,,,,,,Newcastle United,0.0,0.25,,4,0.25,0.2,78,19.0,4.0,0.25,0.5,0.2,23,5,0.0,1,1804,,10,0.0,1995
231,,,,,eng,Andy Myers,DF,21.0,,,,,,,,,,,Chelsea,0.0,0.0,,0,0.0,0.0,90,20.0,0.0,0.05,0.15,0.0,20,1,0.0,0,1800,,3,0.0,1995
232,,,,,eng,Kevin Campbell,FW,25.0,,,,,,,,,,,Nottingham Forest,0.0,0.25,,3,0.25,0.15,86,21.0,0.0,0.1,1.1,0.15,21,2,0.0,2,1795,,22,0.0,1995
233,,,,,jm,Danny Maddix,DF,27.0,,,,,,,,,,,Queens Park Rangers,0.0,0.0,,0,0.0,0.0,81,20.0,2.0,0.25,0.05,0.0,22,5,0.0,0,1770,,1,0.0,1995
234,,,,,eng,Michael Thomas,MF,27.0,,,,,,,,,,,Liverpool,0.0,0.05,,1,0.05,0.05,65,18.0,9.0,0.15,0.41,0.05,27,3,0.0,0,1748,,8,0.0,1995
235,,,,,eng,Paul Rideout,FW,30.0,,,,,,,,,,,Everton,0.0,0.52,,6,0.52,0.31,70,19.0,6.0,0.1,0.98,0.31,25,2,0.0,4,1747,,19,0.0,1995
236,,,,,wal,Chris Coleman,DF,25.0,,,,,,,,,,,Blackburn Rovers,0.0,0.0,,0,0.0,0.0,83,20.0,1.0,0.1,0.15,0.0,21,2,0.0,0,1746,,3,0.0,1995
237,,,,,ng,Daniel Amokachi,FW,22.0,,,,,,,,,,,Everton,0.0,0.52,,6,0.52,0.31,70,17.0,8.0,0.05,1.08,0.31,25,1,0.0,4,1745,,21,0.0,1995
238,,,,,eng,Jamie Redknapp,MF,22.0,,,,,,,,,,,Liverpool,,0.41,,3,,0.15,76,19.0,4.0,,0.72,,23,1,,5,1744,,14,,1995
239,,,,,eng,Tommy Widdrington,MF,23.0,,,,,,,,,,,Southampton,0.0,0.1,,2,0.1,0.1,83,21.0,0.0,0.15,0.31,0.1,21,3,0.0,0,1743,,6,0.0,1995
240,,,,,eng,Ray Parlour,MF,22.0,,,,,,,,,,,Arsenal,0.0,0.05,,0,0.05,0.0,78,20.0,2.0,0.37,0.21,0.0,22,7,0.0,1,1715,,4,0.0,1995
241,,,,,nir,Keith Rowland,DF,23.0,,,,,,,,,,,West Ham United,0.0,0.05,,0,0.05,0.0,74,19.0,4.0,0.21,0.21,0.0,23,4,0.0,1,1702,,4,0.0,1995
242,,,,,eng,Tommy Johnson,FW,24.0,,,,,,,,,,,Aston Villa,0.0,0.37,,5,0.37,0.26,81,17.0,4.0,0.26,0.85,0.26,21,5,0.0,2,1699,,16,0.0,1995
243,,,,,eng,Neil Ruddock,DF,27.0,,,,,,,,,,,Liverpool,0.0,0.27,,5,0.27,0.27,84,18.0,2.0,0.37,0.64,0.27,20,7,0.0,0,1681,,12,0.0,1995
244,,,,,eng,Steve Bould,DF,32.0,,,,,,,,,,,Arsenal,0.0,0.11,,0,0.11,0.0,88,19.0,0.0,0.43,0.11,0.0,19,7,1.0,2,1677,,2,0.0,1995
245,,,,,eng,Gavin Peacock,"FW,MF",27.0,,,,,,,,,,,Chelsea,0.0,0.38,,5,0.38,0.27,60,17.0,11.0,0.05,0.7,0.27,28,1,0.0,2,1674,,13,0.0,1995
246,,,,,br,Juninho Paulista,MF,22.0,,,,,,,,,,,Middlesbrough,0.0,0.48,,2,0.48,0.11,80,20.0,1.0,0.11,0.86,0.11,21,2,0.0,7,1673,,16,0.0,1995
247,,,,,no,Erland Johnsen,"DF,MF",28.0,,,,,,,,,,,Chelsea,0.0,0.0,,0,0.0,0.0,76,18.0,4.0,0.32,0.16,0.0,22,6,0.0,0,1669,,3,0.0,1995
248,,,,,nl,Fabian de Freitas,FW,23.0,,,,,,,,,,,Bolton Wanderers,0.0,0.33,,5,0.33,0.27,61,18.0,9.0,0.0,0.87,0.27,27,0,0.0,1,1648,,16,0.0,1995
249,,,,,eng,Craig Hignett,"MF,FW",25.0,,,,,,,,,,,Middlesbrough,2.0,0.28,,5,0.17,0.28,74,18.0,4.0,0.17,0.88,0.17,22,3,0.0,0,1629,,16,2.0,1995
250,,,,,eng,Gordon Watson,FW,24.0,,,,,,,,,,,Southampton,0.0,0.28,,3,0.28,0.17,66,17.0,7.0,0.11,0.68,0.17,24,1,1.0,2,1589,,12,0.0,1995
251,,,,,sco,Craig Burley,MF,23.0,,,,,,,,,,,Chelsea,0.0,0.0,,0,0.0,0.0,71,16.0,6.0,0.06,0.52,0.0,22,1,0.0,0,1553,,9,0.0,1995
252,,,,,eng,Andy Linighan,DF,33.0,,,,,,,,,,,Arsenal,0.0,0.06,,0,0.06,0.0,85,17.0,1.0,0.0,0.23,0.0,18,0,0.0,1,1534,,4,0.0,1995
253,,,,,eng,Steve Watson,"DF,MF",21.0,,,,,,,,,,,Newcastle United,0.0,0.18,,3,0.18,0.18,69,15.0,7.0,0.0,0.47,0.18,22,0,0.0,0,1520,,8,0.0,1995
254,,,,,wal,Karl Ready,DF,22.0,,,,,,,,,,,Queens Park Rangers,0.0,0.12,,1,0.12,0.06,71,16.0,5.0,0.48,0.36,0.06,21,7,1.0,1,1489,,6,0.0,1995
255,,,,,eng,Michael Brown,MF,18.0,,,,,,,,,,,Manchester City,0.0,0.0,,0,0.0,0.0,74,16.0,4.0,0.37,0.18,0.0,20,5,1.0,0,1474,,3,0.0,1995
256,,,,,eng,Mark Bright,FW,33.0,,,,,,,,,,,Sheffield Wednesday,0.0,0.55,,7,0.55,0.43,59,16.0,9.0,0.12,1.47,0.43,25,2,0.0,2,1467,,24,0.0,1995
257,,,,,sco,Duncan Ferguson,FW,23.0,,,,,,,,,,,Everton,0.0,0.43,,5,0.43,0.31,81,16.0,2.0,0.25,0.8,0.31,18,4,0.0,2,1463,,13,0.0,1995
258,,,,,eng,Andy Sinton,MF,29.0,,,,,,,,,,,Tottenham Hotspur,0.0,0.12,,0,0.12,0.0,73,17.0,3.0,0.12,0.62,0.0,20,2,0.0,2,1452,,10,0.0,1995
259,,,,,eng,Justin Edinburgh,DF,25.0,,,,,,,,,,,Tottenham Hotspur,0.0,0.0,,0,0.0,0.0,66,15.0,7.0,0.31,0.12,0.0,22,5,0.0,0,1450,,2,0.0,1995
260,,,,,eng,John Moncur,MF,28.0,,,,,,,,,,,West Ham United,0.0,0.0,,0,0.0,0.0,85,17.0,0.0,0.31,0.56,0.0,17,5,0.0,0,1445,,9,0.0,1995
261,,,,,eng,Nigel Clough,"MF,FW",29.0,,,,,,,,,,,Manchester City,0.0,0.25,,2,0.25,0.12,85,16.0,1.0,0.19,0.56,0.12,17,3,0.0,2,1442,,9,0.0,1995
262,,,,,se,Tomas Brolin,"FW,MF",25.0,,,,,,,,,,,Leeds United,0.0,0.44,,3,0.44,0.19,85,15.0,2.0,0.19,0.75,0.19,17,3,0.0,4,1442,,12,0.0,1995
263,,,,,eng,Paul Scholes,MF,20.0,,,,,,,,,,,Manchester United,0.0,0.81,,10,0.81,0.62,55,17.0,9.0,0.06,1.5,0.62,26,1,0.0,3,1440,,24,0.0,1995
264,,,,,au,Robbie Slater,MF,30.0,,,,,,,,,,,West Ham United,0.0,0.25,,2,0.25,0.13,65,16.0,6.0,0.06,0.5,0.13,22,1,0.0,2,1435,,8,0.0,1995
265,,,,,eng,Paul Furlong,FW,26.0,,,,,,,,,,,Chelsea,0.0,0.31,,3,0.31,0.19,51,15.0,13.0,0.19,1.0,0.19,28,3,0.0,2,1435,,16,0.0,1995
266,,,,,eng,Graham Hyde,MF,24.0,,,,,,,,,,,Sheffield Wednesday,0.0,0.13,,1,0.13,0.06,55,15.0,11.0,0.13,0.44,0.06,26,2,0.0,1,1432,,7,0.0,1995
267,,,,,no,Alf-Inge Håland,"DF,MF",22.0,,,,,,,,,,,Nottingham Forest,0.0,0.0,,0,0.0,0.0,88,11.0,5.0,0.25,0.32,0.0,16,4,0.0,0,1412,,5,0.0,1995
268,,,,,nl,Glenn Helder,"FW,MF",26.0,,,,,,,,,,,Arsenal,0.0,0.25,,1,0.25,0.06,59,15.0,9.0,0.0,0.38,0.06,24,0,0.0,3,1412,,6,0.0,1995
269,,,,,eng,David Busst,DF,28.0,,,,,,,,,,,Coventry City,0.0,0.13,,2,0.13,0.13,83,16.0,1.0,0.13,0.26,0.13,17,2,0.0,0,1405,,4,0.0,1995
270,,,,,nl,Richard Sneekes,MF,26.0,,,,,,,,,,,Bolton Wanderers,0.0,0.13,,1,0.13,0.07,80,15.0,2.0,0.26,0.4,0.07,17,4,0.0,1,1362,,6,0.0,1995
271,,,,,wal,John Hartson,FW,20.0,,,,,,,,,,,Arsenal,0.0,0.26,,4,0.26,0.26,72,15.0,4.0,0.2,0.93,0.26,19,3,0.0,0,1360,,14,0.0,1995
272,,,,,wal,David Phillips,"DF,MF",32.0,,,,,,,,,,,Nottingham Forest,0.0,0.07,,0,0.07,0.0,75,14.0,4.0,0.07,0.13,0.0,18,1,0.0,1,1357,,2,0.0,1995
273,,,,,eng,Tony Dorigo,DF,29.0,,,,,,,,,,,Leeds United,0.0,0.2,,1,0.2,0.07,84,16.0,0.0,0.13,0.27,0.07,16,2,0.0,2,1344,,4,0.0,1995
274,,,,,sco,Billy McKinlay,MF,26.0,,,,,,,,,,,Blackburn Rovers,0.0,0.2,,2,0.2,0.14,70,14.0,5.0,0.41,0.27,0.14,19,5,1.0,1,1327,,4,0.0,1995
275,,,,,wal,Alan Neilson,DF,22.0,,,,,,,,,,,Southampton,0.0,0.07,,0,0.07,0.0,73,15.0,3.0,0.2,0.2,0.0,18,3,0.0,1,1320,,3,0.0,1995
276,,,,,eng,John Pemberton,DF,30.0,,,,,,,,,,,Leeds United,0.0,0.0,,0,0.0,0.0,77,16.0,1.0,0.62,0.34,0.0,17,8,1.0,0,1310,,5,0.0,1995
277,,,,,eng,Mick Harford,FW,36.0,,,,,,,,,,,Wimbledon,0.0,0.28,,2,0.28,0.14,65,16.0,4.0,0.48,0.62,0.14,20,6,1.0,2,1305,,9,0.0,1995
278,,,,,eng,Neil Heaney,MF,23.0,,,,,,,,,,,Southampton,0.0,0.14,,2,0.14,0.14,76,15.0,2.0,0.35,0.35,0.14,17,5,0.0,0,1296,,5,0.0,1995
279,,,,,eng,Rod Wallace,FW,25.0,,,,,,,,,,,Leeds United,0.0,0.22,,1,0.22,0.07,52,12.0,12.0,0.07,1.02,0.07,24,1,0.0,2,1238,,14,0.0,1995
280,,,,,sco,Brian McClair,"FW,MF",31.0,,,,,,,,,,,Manchester United,0.0,0.37,,3,0.37,0.22,59,11.0,10.0,0.07,0.88,0.22,21,1,0.0,2,1228,,12,0.0,1995
281,,,,,eng,Matt Jackson,DF,23.0,,,,,,,,,,,Everton,0.0,0.07,,0,0.07,0.0,88,14.0,0.0,0.15,0.15,0.0,14,2,0.0,1,1225,,2,0.0,1995
282,,,,,sco,Kevin Gallacher,"FW,MF",28.0,,,,,,,,,,,Blackburn Rovers,0.0,0.22,,2,0.22,0.15,72,14.0,3.0,0.07,1.04,0.15,17,1,0.0,1,1217,,14,0.0,1995
283,,,,,wal,Nathan Blake,FW,23.0,,,,,,,,,,,Bolton Wanderers,0.0,0.15,,1,0.15,0.07,67,14.0,4.0,0.3,0.6,0.07,18,4,0.0,1,1206,,8,0.0,1995
284,,,,,eng,Graeme Le Saux,DF,26.0,,,,,,,,,,,Blackburn Rovers,0.0,0.15,,1,0.15,0.08,85,13.0,1.0,0.23,0.38,0.08,14,3,0.0,1,1195,,5,0.0,1995
285,,,,,nir,Nigel Worthington,"DF,MF",33.0,,,,,,,,,,,Leeds United,0.0,0.0,,0,0.0,0.0,79,12.0,3.0,0.38,0.3,0.0,15,5,0.0,0,1187,,4,0.0,1995
286,,,,,eng,David May,DF,25.0,,,,,,,,,,,Manchester United,0.0,0.08,,1,0.08,0.08,73,13.0,3.0,0.08,0.23,0.08,16,1,0.0,0,1175,,3,0.0,1995
287,,,,,eng,Nigel Spackman,MF,34.0,,,,,,,,,,,Chelsea,0.0,0.0,,0,0.0,0.0,73,13.0,3.0,0.0,0.08,0.0,16,0,0.0,0,1164,,1,0.0,1995
288,,,,,eng,Neil Maddison,"DF,MF",25.0,,,,,,,,,,,Southampton,0.0,0.08,,1,0.08,0.08,89,11.0,2.0,0.08,0.47,0.08,13,1,0.0,0,1157,,6,0.0,1995
289,,,,,hr,Slaven Bilić,DF,26.0,,,,,,,,,,,West Ham United,0.0,0.0,,0,0.0,0.0,88,13.0,0.0,0.16,0.16,0.0,13,2,0.0,0,1149,,2,0.0,1995
290,,,,,ie,Curtis Fleming,DF,26.0,,,,,,,,,,,Middlesbrough,0.0,0.08,,1,0.08,0.08,88,13.0,0.0,0.16,0.24,0.08,13,2,0.0,0,1143,,3,0.0,1995
291,,,,,eng,Andy Thorn,DF,28.0,,,,,,,,,,,Wimbledon,0.0,0.24,,0,0.24,0.0,88,10.0,3.0,0.16,0.16,0.0,13,2,0.0,3,1141,,2,0.0,1995
292,,,,,dk,John Jensen,MF,30.0,,,,,,,,,,,Arsenal,0.0,0.24,,0,0.24,0.0,76,13.0,2.0,0.32,0.24,0.0,15,4,0.0,3,1141,,3,0.0,1995
293,,,,,nan,Andrew Lee,,,,,,,,,,,,,Bolton Wanderers,0.0,0.08,,1,0.08,0.08,63,10.0,8.0,0.16,0.39,0.08,18,2,0.0,0,1141,,5,0.0,1995
294,,,,,eng,Craig Liddle,DF,23.0,,,,,,,,,,,Middlesbrough,0.0,0.0,,0,0.0,0.0,87,12.0,1.0,0.24,0.0,0.0,13,3,0.0,0,1125,,0,0.0,1995
295,,,,,ie,John Sheridan,MF,30.0,,,,,,,,,,,Sheffield Wednesday,0.0,0.16,,0,0.16,0.0,66,12.0,5.0,0.32,0.32,0.0,17,4,0.0,2,1118,,4,0.0,1995
296,,,,,jm,Frank Sinclair,DF,23.0,,,,,,,,,,,Chelsea,0.0,0.08,,1,0.08,0.08,86,12.0,1.0,0.57,0.24,0.08,13,6,1.0,0,1115,,3,0.0,1995
297,,,,,sco,Andy Gray,FW,17.0,,,,,,,,,,,Leeds United,0.0,0.0,,0,0.0,0.0,73,12.0,3.0,0.0,0.33,0.0,15,0,0.0,0,1093,,4,0.0,1995
298,,,,,eng,Simon Coleman,DF,27.0,,,,,,,,,,,Bolton Wanderers,0.0,0.08,,1,0.08,0.08,90,12.0,0.0,0.17,0.17,0.08,12,2,0.0,0,1075,,2,0.0,1995
299,,,,,eng,Ian Pearce,DF,21.0,,,,,,,,,,,Blackburn Rovers,0.0,0.26,,1,0.26,0.09,88,12.0,0.0,0.17,0.17,0.09,12,2,0.0,2,1052,,2,0.0,1995
300,,,,,ie,Jon Goodman,FW,24.0,,,,,,,,,,,Wimbledon,0.0,0.69,,6,0.69,0.52,37,9.0,19.0,0.0,1.38,0.52,28,0,0.0,2,1047,,16,0.0,1995
301,,,,,fi,Mixu Paatelainen,FW,28.0,,,,,,,,,,,Bolton Wanderers,0.0,0.09,,1,0.09,0.09,70,13.0,2.0,0.09,0.6,0.09,15,1,0.0,0,1044,,7,0.0,1995
302,,,,,eng,Richard Edghill,DF,20.0,,,,,,,,,,,Manchester City,0.0,0.0,,0,0.0,0.0,80,13.0,0.0,0.35,0.17,0.0,13,3,1.0,0,1040,,2,0.0,1995
303,,,,,eng,Gary Ablett,DF,29.0,,,,,,,,,,,Everton,0.0,0.09,,0,0.09,0.0,78,13.0,0.0,0.18,0.18,0.0,13,2,0.0,1,1017,,2,0.0,1995
304,,,,,eng,Tony Grant,MF,20.0,,,,,,,,,,,Everton,0.0,0.36,,1,0.36,0.09,77,11.0,2.0,0.09,0.36,0.09,13,1,0.0,3,1004,,4,0.0,1995
305,,,,,wal,Ian Rush,FW,33.0,,,,,,,,,,,Liverpool,0.0,0.63,,5,0.63,0.45,50,10.0,10.0,0.0,1.63,0.45,20,0,0.0,2,993,,18,0.0,1995
306,,,,,ie,Liam Daish,DF,26.0,,,,,,,,,,,Coventry City,0.0,0.09,,1,0.09,0.09,90,11.0,0.0,0.27,0.27,0.09,11,3,0.0,0,990,,3,0.0,1995
307,,,,,eng,Richard Jobson,DF,32.0,,,,,,,,,,,Leeds United,0.0,0.09,,1,0.09,0.09,90,11.0,0.0,0.09,0.27,0.09,11,1,0.0,0,990,,3,0.0,1995
308,,,,,eng,Mark Patterson,MF,30.0,,,,,,,,,,,Bolton Wanderers,1.0,0.27,,1,0.18,0.09,62,12.0,4.0,0.55,0.36,0.0,16,5,1.0,2,987,,4,1.0,1995
309,,,,,co,Faustino Asprilla,FW,25.0,,,,,,,,,,,Newcastle United,0.0,0.73,,3,0.73,0.28,70,11.0,3.0,0.18,1.1,0.28,14,2,0.0,5,980,,12,0.0,1995
310,,,,,nir,Gerry Taggart,DF,24.0,,,,,,,,,,,Bolton Wanderers,0.0,0.09,,1,0.09,0.09,87,11.0,0.0,0.57,0.38,0.09,11,6,0.0,0,953,,4,0.0,1995
311,,,,,eng,Ray Wilkins,MF,38.0,,,,,,,,,,,Queens Park Rangers,0.0,0.1,,0,0.1,0.0,63,12.0,3.0,0.0,0.48,0.0,15,0,0.0,1,947,,5,0.0,1995
312,,,,,eng,Trevor Challis,DF,19.0,,,,,,,,,,,Queens Park Rangers,0.0,0.0,,0,0.0,0.0,85,10.0,1.0,0.1,0.1,0.0,11,1,0.0,0,938,,1,0.0,1995
313,,,,,eng,Stuart Nethercott,DF,22.0,,,,,,,,,,,Tottenham Hotspur,0.0,0.0,,0,0.0,0.0,72,10.0,3.0,0.19,0.1,0.0,13,2,0.0,0,930,,1,0.0,1995
314,,,,,sco,Scott Marshall,DF,22.0,,,,,,,,,,,Arsenal,0.0,0.1,,1,0.1,0.1,84,10.0,1.0,0.39,0.2,0.1,11,4,0.0,0,920,,2,0.0,1995
315,,,,,eng,Phil Stamp,MF,19.0,,,,,,,,,,,Middlesbrough,0.0,0.29,,2,0.29,0.2,77,11.0,1.0,0.0,0.59,0.2,12,0,0.0,1,920,,6,0.0,1995
316,,,,,sco,Nigel Quashie,MF,17.0,,,,,,,,,,,Queens Park Rangers,,0.1,,0,,0.0,83,,,0.1,0.39,,11,1,0.0,1,913,,4,,1995
317,,,,,eng,Mark Hateley,FW,33.0,,,,,,,,,,,Queens Park Rangers,0.0,0.4,,2,0.4,0.2,64,10.0,4.0,0.1,0.9,0.2,14,1,0.0,2,901,,9,0.0,1995
318,,,,,eng,Alvin Martin,DF,37.0,,,,,,,,,,,West Ham United,0.0,0.0,,0,0.0,0.0,64,10.0,4.0,0.0,0.2,0.0,14,0,0.0,0,895,,2,0.0,1995
319,,,,,eng,Phil Whelan,DF,23.0,,,,,,,,,,,Middlesbrough,0.0,0.1,,1,0.1,0.1,68,9.0,4.0,0.51,0.3,0.1,13,4,1.0,0,888,,3,0.0,1995
320,,,,,sco,Eoin Jess,MF,24.0,,,,,,,,,,,Coventry City,0.0,0.1,,1,0.1,0.1,74,9.0,3.0,0.0,0.41,0.1,12,0,0.0,0,885,,4,0.0,1995
321,,,,,eng,Andy Pearce,DF,29.0,,,,,,,,,,,Wimbledon,0.0,0.0,,0,0.0,0.0,87,9.0,1.0,0.21,0.0,0.0,10,2,0.0,0,874,,0,0.0,1995
322,,,,,eng,Mark Ford,MF,19.0,,,,,,,,,,,Leeds United,0.0,0.1,,0,0.1,0.0,86,10.0,0.0,0.31,0.21,0.0,10,3,0.0,1,862,,2,0.0,1995
323,,,,,ie,Steve Staunton,"MF,DF",26.0,,,,,,,,,,,Aston Villa,0.0,0.11,,0,0.11,0.0,66,11.0,2.0,0.0,0.32,0.0,13,0,0.0,1,857,,3,0.0,1995
324,,,,,rs,Darko Kovačević,FW,21.0,,,,,,,,,,,Sheffield Wednesday,0.0,0.42,,4,0.42,0.42,54,8.0,8.0,0.11,1.05,0.42,16,1,0.0,0,856,,10,0.0,1995
325,,,,,eng,Scott Minto,DF,23.0,,,,,,,,,,,Chelsea,0.0,0.32,,0,0.32,0.0,85,10.0,0.0,0.11,0.21,0.0,10,1,0.0,3,846,,2,0.0,1995
326,,,,,eng,Jason Wilcox,"FW,MF",24.0,,,,,,,,,,,Blackburn Rovers,0.0,0.54,,3,0.54,0.32,84,10.0,0.0,0.0,0.54,0.32,10,0,0.0,2,837,,5,0.0,1995
327,,,,,ch,Marc Hottiger,DF,27.0,,,,,,,,,,,Everton,0.0,0.11,,1,0.11,0.11,82,9.0,1.0,0.0,0.22,0.11,10,0,0.0,0,821,,2,0.0,1995
328,,,,,eng,Scott Sellars,MF,29.0,,,,,,,,,,,Bolton Wanderers,0.0,0.88,,3,0.88,0.33,29,24.0,4.0,0.22,1.53,0.33,28,2,0.0,5,821,,14,0.0,1995
329,,,,,eng,Chris Sutton,"FW,DF",22.0,,,,,,,,,,,Blackburn Rovers,0.0,0.44,,0,0.44,0.0,63,9.0,4.0,0.33,0.88,0.0,13,3,0.0,4,819,,8,0.0,1995
330,,,,,br,Isaías,FW,31.0,,,,,,,,,,,Coventry City,0.0,0.33,,2,0.33,0.22,68,10.0,2.0,0.11,0.55,0.22,12,1,0.0,1,818,,5,0.0,1995
331,,,,,de,Michael Frontzeck,DF,31.0,,,,,,,,,,,Manchester City,0.0,0.0,,0,0.0,0.0,68,11.0,1.0,0.33,0.11,0.0,12,2,1.0,0,818,,1,0.0,1995
332,,,,,eng,Julian Watts,DF,24.0,,,,,,,,,,,Sheffield Wednesday,0.0,0.11,,1,0.11,0.11,72,9.0,2.0,0.11,0.57,0.11,11,1,0.0,0,795,,5,0.0,1995
333,,,,,eng,Andy Couzens,MF,20.0,,,,,,,,,,,Leeds United,0.0,0.0,,0,0.0,0.0,56,9.0,5.0,0.12,0.69,0.0,14,1,0.0,0,779,,6,0.0,1995
334,,,,,sco,David Rennie,"DF,MF",30.0,,,,,,,,,,,Coventry City,0.0,0.23,,2,0.23,0.23,70,9.0,2.0,0.35,0.47,0.23,11,3,0.0,0,768,,4,0.0,1995
335,,,,,eng,Riccardo Scimeca,"MF,DF",20.0,,,,,,,,,,,Aston Villa,0.0,0.0,,0,0.0,0.0,45,8.0,9.0,0.12,0.24,0.0,17,1,0.0,0,765,,2,0.0,1995
336,,,,,sco,Gerry Creaney,FW,25.0,,,,,,,,,,,Manchester City,0.0,0.36,,3,0.36,0.36,50,8.0,7.0,0.24,0.96,0.36,15,2,0.0,0,748,,8,0.0,1995
337,,,,,eng,David Burrows,DF,26.0,,,,,,,,,,,Coventry City,0.0,0.0,,0,0.0,0.0,83,9.0,0.0,0.36,0.12,0.0,9,3,0.0,0,743,,1,0.0,1995
338,,,,,eng,Andy Todd,DF,20.0,,,,,,,,,,,Bolton Wanderers,0.0,0.25,,2,0.25,0.25,66,9.0,2.0,0.25,0.49,0.25,11,2,0.0,0,730,,4,0.0,1995
339,,,,,nl,Regi Blinker,"MF,FW",26.0,,,,,,,,,,,Sheffield Wednesday,0.0,0.25,,2,0.25,0.25,81,9.0,0.0,0.12,0.87,0.25,9,1,0.0,0,728,,7,0.0,1995
340,,,,,eng,Paul Beesley,DF,30.0,,,,,,,,,,,Leeds United,0.0,0.0,,0,0.0,0.0,73,8.0,2.0,0.25,0.25,0.0,10,2,0.0,0,726,,2,0.0,1995
341,,,,,sco,Don Hutchison,MF,24.0,,,,,,,,,,,West Ham United,0.0,0.25,,2,0.25,0.25,60,8.0,4.0,0.37,0.75,0.25,12,3,0.0,0,720,,6,0.0,1995
342,,,,,eng,Earl Barrett,DF,28.0,,,,,,,,,,,Everton,0.0,0.0,,0,0.0,0.0,90,8.0,0.0,0.0,0.0,0.0,8,0,0.0,0,720,,0,0.0,1995
343,,,,,eng,Jon Newsome,DF,24.0,,,,,,,,,,,Sheffield Wednesday,0.0,0.12,,1,0.12,0.12,90,8.0,0.0,0.12,0.75,0.12,8,1,0.0,0,720,,6,0.0,1995
344,,,,,eng,Dean Blackwell,DF,25.0,,,,,,,,,,,Wimbledon,0.0,0.0,,0,0.0,0.0,90,8.0,0.0,0.0,0.0,0.0,8,0,0.0,0,720,,0,0.0,1995
345,,,,,sco,John Hendrie,"FW,MF",31.0,,,,,,,,,,,Middlesbrough,0.0,0.25,,1,0.25,0.12,55,7.0,6.0,0.12,0.75,0.12,13,1,0.0,1,720,,6,0.0,1995
346,,,,,eng,Nicky Marker,DF,30.0,,,,,,,,,,,Blackburn Rovers,0.0,0.25,,1,0.25,0.13,71,8.0,2.0,0.0,0.51,0.13,10,0,0.0,1,711,,4,0.0,1995
347,,,,,eng,Paul McGregor,FW,20.0,,,,,,,,,,,Nottingham Forest,0.0,0.39,,2,0.39,0.26,50,7.0,7.0,0.0,0.9,0.26,14,0,0.0,1,697,,7,0.0,1995
348,,,,,eng,Gary Elkins,DF,29.0,,,,,,,,,,,Wimbledon,0.0,0.0,,0,0.0,0.0,69,7.0,3.0,0.39,0.13,0.0,10,3,0.0,0,688,,1,0.0,1995
349,,,,,eng,Graham Fenton,MF,21.0,,,,,,,,,,,Blackburn Rovers,0.0,1.11,,6,1.11,0.83,46,4.0,10.0,0.28,1.66,0.83,14,2,0.0,2,650,,12,0.0,1995
350,,,,,eng,David Hughes,MF,22.0,,,,,,,,,,,Southampton,0.0,0.14,,1,0.14,0.14,64,5.0,5.0,0.14,0.42,0.14,10,1,0.0,0,644,,3,0.0,1995
351,,,,,ie,Alan Moore,MF,20.0,,,,,,,,,,,Middlesbrough,0.0,0.0,,0,0.0,0.0,52,5.0,7.0,0.14,0.57,0.0,12,0,1.0,0,629,,4,0.0,1995
352,,,,,sco,Steve McAnespie,DF,23.0,,,,,,,,,,,Bolton Wanderers,0.0,0.0,,0,0.0,0.0,70,7.0,2.0,0.0,0.14,0.0,9,0,0.0,0,628,,1,0.0,1995
353,,,,,ro,Ilie Dumitrescu,"FW,MF",26.0,,,,,,,,,,,West Ham United,0.0,0.15,,1,0.15,0.15,77,7.0,1.0,0.0,0.58,0.15,8,0,0.0,0,619,,4,0.0,1995
354,,,,,nir,Gerry McMahon,MF,21.0,,,,,,,,,,,Tottenham Hotspur,0.0,0.15,,0,0.15,0.0,44,7.0,7.0,0.0,0.44,0.0,14,0,0.0,1,615,,3,0.0,1995
355,,,,,za,Mark Stein,FW,29.0,,,,,,,,,,,Chelsea,0.0,0.0,,0,0.0,0.0,83,6.0,1.0,0.15,0.77,0.0,7,1,0.0,0,584,,5,0.0,1995
356,,,,,eng,Simon Osborn,MF,23.0,,,,,,,,,,,Queens Park Rangers,0.0,0.32,,1,0.32,0.16,62,7.0,2.0,0.0,0.32,0.16,9,0,0.0,1,559,,2,0.0,1995
357,,,,,eng,Darren Anderton,MF,23.0,,,,,,,,,,,Tottenham Hotspur,0.0,0.49,,2,0.49,0.33,69,6.0,2.0,0.0,1.31,0.33,8,0,0.0,1,549,,8,0.0,1995
358,,,,,us,John Harkes,MF,28.0,,,,,,,,,,,West Ham United,0.0,0.0,,0,0.0,0.0,50,6.0,5.0,0.17,0.83,0.0,11,1,0.0,0,544,,5,0.0,1995
359,,,,,mt,Paul Tisdale,MF,22.0,,,,,,,,,,,Southampton,0.0,0.17,,1,0.17,0.17,68,5.0,3.0,0.0,0.5,0.17,8,0,0.0,0,541,,3,0.0,1995
360,,,,,eng,Robbie Elliott,DF,21.0,,,,,,,,,,,Newcastle United,0.0,0.0,,0,0.0,0.0,86,5.0,1.0,0.35,0.35,0.0,6,2,0.0,0,516,,2,0.0,1995
361,,,,,eng,Mark Tinkler,MF,20.0,,,,,,,,,,,Leeds United,0.0,0.18,,0,0.18,0.0,56,5.0,4.0,0.36,0.18,0.0,9,2,0.0,1,504,,1,0.0,1995
362,,,,,eng,Julian Joachim,FW,20.0,,,,,,,,,,,Aston Villa,0.0,0.18,,1,0.18,0.18,46,4.0,7.0,0.0,1.26,0.18,11,0,0.0,0,500,,7,0.0,1995
363,,,,,ie,Graham Kavanagh,MF,21.0,,,,,,,,,,,Middlesbrough,1.0,0.18,,1,0.0,0.18,71,6.0,1.0,0.0,0.36,0.0,7,0,0.0,0,499,,2,1.0,1995
364,,,,,sco,Gordon Strachan,MF,38.0,,,,,,,,,,,Coventry City,0.0,0.36,,0,0.36,0.0,41,5.0,7.0,0.18,0.91,0.0,12,1,0.0,2,495,,5,0.0,1995
365,,,,,eng,Paul Parker,DF,31.0,,,,,,,,,,,Manchester United,0.0,0.0,,0,0.0,0.0,78,6.0,0.0,0.0,0.0,0.0,6,0,0.0,0,469,,0,0.0,1995
366,,,,,jm,Jason Euell,"FW,MF",18.0,,,,,,,,,,,Wimbledon,0.0,0.39,,2,0.39,0.39,52,4.0,5.0,0.19,0.97,0.39,9,1,0.0,0,465,,5,0.0,1995
367,,,,,nan,Matt Brazier,MF,19.0,,,,,,,,,,,Queens Park Rangers,0.0,0.0,,0,0.0,0.0,41,6.0,5.0,0.0,0.4,0.0,11,0,0.0,0,453,,2,0.0,1995
368,,,,,wal,Gareth Hall,DF,26.0,,,,,,,,,,,Chelsea,0.0,0.2,,1,0.2,0.2,90,5.0,0.0,0.2,0.4,0.2,5,1,0.0,0,450,,2,0.0,1995
369,,,,,eng,Matt Oakley,MF,17.0,,,,,,,,,,,Southampton,0.0,0.0,,0,0.0,0.0,64,4.0,3.0,0.0,0.4,0.0,7,0,0.0,0,447,,2,0.0,1995
370,,,,,rs,Dejan Stefanović,DF,20.0,,,,,,,,,,,Sheffield Wednesday,0.0,0.0,,0,0.0,0.0,74,5.0,1.0,0.0,0.0,0.0,6,0,0.0,0,446,,0,0.0,1995
371,,,,,eng,Frankie Bennett,FW,26.0,,,,,,,,,,,Southampton,0.0,0.0,,0,0.0,0.0,45,5.0,5.0,0.0,0.4,0.0,10,0,0.0,0,445,,2,0.0,1995
372,,,,,it,Andrea Silenzi,FW,29.0,,,,,,,,,,,Nottingham Forest,0.0,0.0,,0,0.0,0.0,43,3.0,7.0,0.21,0.84,0.0,10,1,0.0,0,429,,4,0.0,1995
373,,,,,br,Branco,DF,31.0,,,,,,,,,,,Middlesbrough,0.0,0.0,,0,0.0,0.0,60,5.0,2.0,0.21,0.21,0.0,7,1,0.0,0,422,,1,0.0,1995
374,,,,,sco,Dominic Matteo,"MF,DF",21.0,,,,,,,,,,,Liverpool,0.0,0.0,,0,0.0,0.0,84,5.0,0.0,0.0,0.21,0.0,5,0,0.0,0,421,,1,0.0,1995
375,,,,,ie,Alan Kernaghan,DF,28.0,,,,,,,,,,,Manchester City,0.0,0.0,,0,0.0,0.0,67,4.0,2.0,0.0,0.23,0.0,6,0,0.0,0,399,,1,0.0,1995
376,,,,,za,Phil Masinga,FW,26.0,,,,,,,,,,,Leeds United,0.0,0.0,,0,0.0,0.0,44,6.0,3.0,0.23,1.13,0.0,9,1,0.0,0,398,,5,0.0,1995
377,,,,,eng,Bradley Allen,FW,23.0,,,,,,,,,,,Queens Park Rangers,0.0,0.23,,1,0.23,0.23,48,4.0,4.0,0.7,0.7,0.23,8,3,0.0,0,386,,3,0.0,1995
378,,,,,wal,Clayton Blackmore,"DF,MF",30.0,,,,,,,,,,,Middlesbrough,0.0,0.0,,0,0.0,0.0,76,4.0,1.0,0.0,0.24,0.0,5,0,0.0,0,382,,1,0.0,1995
379,,,,,eng,Martin Phillips,MF,19.0,,,,,,,,,,,Manchester City,0.0,0.24,,0,0.24,0.0,34,2.0,9.0,0.0,0.72,0.0,11,0,0.0,1,373,,3,0.0,1995
380,,,,,eng,Neal Ardley,MF,22.0,,,,,,,,,,,Wimbledon,0.0,0.25,,0,0.25,0.0,61,4.0,2.0,0.25,0.49,0.0,6,1,0.0,1,365,,2,0.0,1995
381,,,,,eng,Martin Allen,MF,29.0,,,,,,,,,,,West Ham United,0.0,0.25,,1,0.25,0.25,90,4.0,0.0,0.25,0.5,0.25,4,1,0.0,0,360,,2,0.0,1995
382,,,,,eng,Adrian Clarke,MF,20.0,,,,,,,,,,,Arsenal,0.0,0.0,,0,0.0,0.0,60,4.0,2.0,0.0,0.25,0.0,6,0,0.0,0,359,,1,0.0,1995
383,,,,,eng,Peter Beagrie,FW,29.0,,,,,,,,,,,Manchester City,0.0,0.0,,0,0.0,0.0,71,4.0,1.0,0.25,0.51,0.0,5,1,0.0,0,356,,2,0.0,1995
384,,,,,nan,Stephen Howe,,,,,,,,,,,,,Nottingham Forest,0.0,0.76,,2,0.76,0.51,40,4.0,5.0,0.25,1.01,0.51,9,1,0.0,1,356,,4,0.0,1995
385,,,,,eng,Mark Walters,MF,31.0,,,,,,,,,,,Southampton,0.0,0.25,,0,0.25,0.0,71,5.0,0.0,0.51,0.76,0.0,5,2,0.0,1,354,,3,0.0,1995
386,,,,,eng,Steve Talboys,MF,28.0,,,,,,,,,,,Wimbledon,0.0,0.0,,0,0.0,0.0,71,3.0,2.0,0.25,0.25,0.0,5,1,0.0,0,354,,1,0.0,1995
387,,,,,eng,Paul Warhurst,"DF,MF",25.0,,,,,,,,,,,Blackburn Rovers,0.0,0.26,,0,0.26,0.0,35,1.0,9.0,0.0,0.78,0.0,10,0,0.0,1,346,,3,0.0,1995
388,,,,,eng,Andy Clarke,FW,28.0,,,,,,,,,,,Wimbledon,0.0,0.52,,2,0.52,0.52,19,10.0,8.0,0.0,1.57,0.52,18,0,0.0,0,343,,6,0.0,1995
389,,,,,gh,Nii Lamptey,"FW,MF",20.0,,,,,,,,,,,Coventry City,0.0,0.0,,0,0.0,0.0,55,3.0,3.0,0.27,0.54,0.0,6,1,0.0,0,331,,2,0.0,1995
390,,,,,eng,John Foster,DF,21.0,,,,,,,,,,,Manchester City,0.0,0.0,,0,0.0,0.0,81,4.0,0.0,0.56,0.0,0.0,4,2,0.0,0,324,,0,0.0,1995
391,,,,,se,Klas Ingesson,MF,26.0,,,,,,,,,,,Sheffield Wednesday,0.0,0.0,,0,0.0,0.0,54,3.0,3.0,0.0,0.56,0.0,6,0,0.0,0,321,,2,0.0,1995
392,,,,,pt,Dani,"FW,MF",18.0,,,,,,,,,,,West Ham United,0.0,1.15,,2,1.15,0.58,35,3.0,6.0,0.0,2.31,0.58,9,0,0.0,2,312,,8,0.0,1995
393,,,,,eng,David Hillier,MF,25.0,,,,,,,,,,,Arsenal,0.0,0.0,,0,0.0,0.0,62,3.0,2.0,0.0,0.29,0.0,5,0,0.0,0,312,,1,0.0,1995
394,,,,,au,Ned Zelić,"DF,MF",24.0,,,,,,,,,,,Queens Park Rangers,0.0,0.0,,0,0.0,0.0,75,3.0,1.0,0.3,0.3,0.0,4,1,0.0,0,300,,1,0.0,1995
395,,,,,eng,Vinny Samways,MF,26.0,,,,,,,,,,,Everton,0.0,0.3,,1,0.3,0.3,75,3.0,1.0,0.0,0.3,0.3,4,0,0.0,0,299,,1,0.0,1995
396,,,,,eng,Scott Hiley,DF,26.0,,,,,,,,,,,Manchester City,0.0,0.61,,0,0.61,0.0,49,2.0,4.0,0.0,0.61,0.0,6,0,0.0,2,293,,2,0.0,1995
397,,,,,eng,Peter Fear,MF,21.0,,,,,,,,,,,Wimbledon,0.0,0.0,,0,0.0,0.0,72,4.0,0.0,0.31,0.31,0.0,4,1,0.0,0,286,,1,0.0,1995
398,,,,,eng,Jon O'Connor,DF,18.0,,,,,,,,,,,Everton,0.0,0.0,,0,0.0,0.0,68,3.0,1.0,0.66,0.0,0.0,4,2,0.0,0,272,,0,0.0,1995
399,,,,,eng,Danny Murphy,MF,18.0,,,,,,,,,,,Aston Villa,0.0,0.0,,0,0.0,0.0,90,3.0,0.0,0.0,0.0,0.0,3,0,0.0,0,270,,0,0.0,1995
400,,,,,eng,Kenny Brown,DF,28.0,,,,,,,,,,,West Ham United,0.0,0.0,,0,0.0,0.0,90,3.0,0.0,0.0,0.33,0.0,3,0,0.0,0,270,,1,0.0,1995
401,,,,,eng,Darren Caskey,MF,20.0,,,,,,,,,,,Tottenham Hotspur,0.0,0.33,,0,0.33,0.0,90,3.0,0.0,0.0,0.33,0.0,3,0,0.0,1,270,,1,0.0,1995
402,,,,,eng,Christer Warren,MF,20.0,,,,,,,,,,,Southampton,0.0,0.0,,0,0.0,0.0,38,1.0,6.0,0.0,0.0,0.0,7,0,0.0,0,268,,0,0.0,1995
403,,,,,ie,Willie Boland,MF,19.0,,,,,,,,,,,Coventry City,0.0,0.0,,0,0.0,0.0,88,2.0,1.0,0.0,0.0,0.0,3,0,0.0,0,265,,0,0.0,1995
404,,,,,eng,Mike Williams,FW,25.0,,,,,,,,,,,Sheffield Wednesday,0.0,0.0,,0,0.0,0.0,52,3.0,2.0,0.35,0.0,0.0,5,1,0.0,0,258,,0,0.0,1995
405,,,,,sco,Paul Dickov,FW,22.0,,,,,,,,,,,Arsenal,0.0,1.1,,1,1.1,0.37,35,1.0,6.0,0.0,1.83,0.37,7,0,0.0,2,246,,5,0.0,1995
406,,,,,ge,Mikheil Kavelashvili,FW,24.0,,,,,,,,,,,Manchester City,0.0,0.37,,1,0.37,0.37,61,3.0,1.0,0.0,1.11,0.37,4,0,0.0,0,244,,3,0.0,1995
407,,,,,eng,Paul Walsh,FW,32.0,,,,,,,,,,,Manchester City,0.0,0.0,,0,0.0,0.0,81,3.0,0.0,0.37,0.74,0.0,3,1,0.0,0,244,,2,0.0,1995
408,,,,,ie,Scott Fitzgerald,DF,25.0,,,,,,,,,,,Wimbledon,0.0,0.0,,0,0.0,0.0,81,2.0,1.0,0.74,0.0,0.0,3,1,1.0,0,243,,0,0.0,1995
409,,,,,ie,Ian Harte,DF,17.0,,,,,,,,,,,Leeds United,0.0,0.0,,0,0.0,0.0,60,2.0,2.0,0.37,0.37,0.0,4,1,0.0,0,240,,1,0.0,1995
410,,,,,bo,Jaime Moreno,FW,21.0,,,,,,,,,,,Middlesbrough,0.0,0.0,,0,0.0,0.0,34,2.0,5.0,0.0,1.13,0.0,7,0,0.0,0,239,,3,0.0,1995
411,,,,,eng,Lee Hendrie,MF,18.0,,,,,,,,,,,Aston Villa,0.0,0.0,,0,0.0,0.0,79,2.0,1.0,0.76,0.38,0.0,3,1,1.0,0,237,,1,0.0,1995
412,,,,,eng,Paul Kitson,FW,24.0,,,,,,,,,,,Newcastle United,0.0,1.61,,2,1.61,0.81,32,2.0,5.0,0.4,2.42,0.81,7,1,0.0,2,223,,6,0.0,1995
413,,,,,ie,Keith O'Halloran,MF,19.0,,,,,,,,,,,Middlesbrough,0.0,0.0,,0,0.0,0.0,73,2.0,1.0,0.41,0.0,0.0,3,1,0.0,0,218,,0,0.0,1995
414,,,,,eng,Stewart Castledine,MF,22.0,,,,,,,,,,,Wimbledon,0.0,0.42,,1,0.42,0.42,54,2.0,2.0,0.0,0.84,0.42,4,0,0.0,0,215,,2,0.0,1995
415,,,,,eng,Paul Wilkinson,FW,30.0,,,,,,,,,,,Middlesbrough,0.0,0.43,,0,0.43,0.0,70,2.0,1.0,0.0,0.86,0.0,3,0,0.0,1,210,,2,0.0,1995
416,,,,,eng,David White,"FW,MF",27.0,,,,,,,,,,,Leeds United,0.0,0.43,,1,0.43,0.43,53,1.0,3.0,0.0,1.29,0.43,4,0,0.0,0,210,,3,0.0,1995
417,,,,,eng,Matthew Rose,DF,19.0,,,,,,,,,,,Arsenal,0.0,0.0,,0,0.0,0.0,51,1.0,3.0,0.0,0.44,0.0,4,0,0.0,0,204,,1,0.0,1995
418,,,,,nir,Steve Morrow,"DF,MF",25.0,,,,,,,,,,,Arsenal,0.0,0.0,,0,0.0,0.0,51,3.0,1.0,0.0,0.0,0.0,4,0,0.0,0,203,,0,0.0,1995
419,,,,,dk,Ronnie Ekelund,"MF,FW",22.0,,,,,,,,,,,Manchester City,0.0,0.0,,0,0.0,0.0,50,3.0,1.0,0.0,1.35,0.0,4,0,0.0,0,200,,3,0.0,1995
420,,,,,ie,Owen Coyle,FW,29.0,,,,,,,,,,,Bolton Wanderers,0.0,0.9,,0,0.9,0.0,40,2.0,3.0,0.0,0.45,0.0,5,0,0.0,2,199,,1,0.0,1995
421,,,,,au,Stan Lazaridis,"DF,MF",22.0,,,,,,,,,,,West Ham United,0.0,0.0,,0,0.0,0.0,49,2.0,2.0,0.0,0.91,0.0,4,0,0.0,0,197,,2,0.0,1995
422,,,,,eng,Chris Freestone,FW,23.0,,,,,,,,,,,Middlesbrough,0.0,0.92,,1,0.92,0.46,65,2.0,1.0,0.0,0.46,0.46,3,0,0.0,1,195,,1,0.0,1995
423,,,,,ie,Mark Kennedy,"DF,MF",19.0,,,,,,,,,,,Liverpool,0.0,0.0,,0,0.0,0.0,46,1.0,3.0,0.0,0.98,0.0,4,0,0.0,0,183,,2,0.0,1995
424,,,,,eng,Jason Blunt,MF,17.0,,,,,,,,,,,Leeds United,0.0,0.0,,0,0.0,0.0,60,2.0,1.0,0.0,0.5,0.0,3,0,0.0,0,180,,1,0.0,1995
425,,,,,fr,William Prunier,DF,27.0,,,,,,,,,,,Manchester United,0.0,0.5,,0,0.5,0.0,90,2.0,0.0,0.0,0.0,0.0,2,0,0.0,1,180,,0,0.0,1995
426,,,,,no,Stig Inge Bjørnebye,DF,25.0,,,,,,,,,,,Liverpool,0.0,0.0,,0,0.0,0.0,90,2.0,0.0,0.0,0.0,0.0,2,0,0.0,0,180,,0,0.0,1995
427,,,,,sco,Paul Browne,DF,20.0,,,,,,,,,,,Aston Villa,0.0,0.0,,0,0.0,0.0,90,2.0,0.0,1.0,0.0,0.0,2,2,0.0,0,180,,0,0.0,1995
428,,,,,eng,David Kerslake,DF,29.0,,,,,,,,,,,Tottenham Hotspur,0.0,0.0,,0,0.0,0.0,85,2.0,0.0,0.0,0.0,0.0,2,0,0.0,0,170,,0,0.0,1995
429,,,,,wal,Simon Davies,MF,21.0,,,,,,,,,,,Manchester United,0.0,0.0,,0,0.0,0.0,28,1.0,5.0,0.0,0.53,0.0,6,0,0.0,0,169,,1,0.0,1995
430,,,,,au,Harry Kewell,"MF,FW",16.0,,,,,,,,,,,Leeds United,0.0,0.0,,0,0.0,0.0,84,2.0,0.0,0.0,0.54,0.0,2,0,0.0,0,168,,1,0.0,1995
431,,,,,eng,Matthew Robinson,DF,20.0,,,,,,,,,,,Southampton,0.0,0.0,,0,0.0,0.0,33,0.0,5.0,0.0,0.0,0.0,5,0,0.0,0,167,,0,0.0,1995
432,,,,,eng,Paul Cook,MF,28.0,,,,,,,,,,,Coventry City,0.0,0.56,,0,0.56,0.0,54,2.0,1.0,0.0,0.56,0.0,3,0,0.0,1,162,,1,0.0,1995
433,,,,,eng,Bryan Robson,MF,38.0,,,,,,,,,,,Middlesbrough,0.0,0.0,,0,0.0,0.0,77,1.0,1.0,0.0,0.58,0.0,2,0,0.0,0,154,,1,0.0,1995
434,,,,,eng,Lee Chapman,FW,35.0,,,,,,,,,,,Leeds United,0.0,0.6,,0,0.6,0.0,76,2.0,0.0,0.6,1.19,0.0,2,0,1.0,1,151,,2,0.0,1995
435,,,,,ie,Gareth Farrelly,MF,19.0,,,,,,,,,,,Aston Villa,0.0,0.0,,0,0.0,0.0,24,1.0,4.0,0.0,0.75,0.0,5,0,0.0,0,120,,1,0.0,1995
436,,,,,eng,Terry Cooke,MF,18.0,,,,,,,,,,,Manchester United,0.0,0.76,,0,0.76,0.0,30,2.0,2.0,0.0,1.53,0.0,4,0,0.0,1,118,,2,0.0,1995
437,,,,,eng,Steve Slade,FW,19.0,,,,,,,,,,,Tottenham Hotspur,0.0,0.0,,0,0.0,0.0,23,1.0,4.0,0.0,1.58,0.0,5,0,0.0,0,114,,2,0.0,1995
438,,,,,eng,O'Neill Donaldson,FW,25.0,,,,,,,,,,,Sheffield Wednesday,0.0,0.8,,1,0.8,0.8,38,1.0,2.0,0.0,0.8,0.8,3,0,0.0,0,113,,1,0.0,1995
439,,,,,eng,Lee Makel,MF,22.0,,,,,,,,,,,Blackburn Rovers,0.0,0.0,,0,0.0,0.0,38,0.0,3.0,0.0,0.0,0.0,3,0,0.0,0,113,,0,0.0,1995
440,,,,,eng,Ritchie Humphreys,"MF,DF,FW",17.0,,,,,,,,,,,Sheffield Wednesday,0.0,0.81,,0,0.81,0.0,28,2.0,2.0,0.0,0.81,0.0,4,0,0.0,1,111,,1,0.0,1995
441,,,,,se,Niklas Gudmundsson,MF,23.0,,,,,,,,,,,Blackburn Rovers,0.0,0.0,,0,0.0,0.0,28,1.0,3.0,0.0,0.82,0.0,4,0,0.0,0,110,,1,0.0,1995
442,,,,,eng,Michael Branch,FW,16.0,,,,,,,,,,,Everton,0.0,0.0,,0,0.0,0.0,36,1.0,2.0,0.0,0.83,0.0,3,0,0.0,0,108,,1,0.0,1995
443,,,,,nan,Lee Charles,FW,23.0,,,,,,,,,,,Queens Park Rangers,0.0,0.0,,0,0.0,0.0,27,0.0,4.0,0.0,0.84,0.0,4,0,0.0,0,107,,1,0.0,1995
444,,,,,sco,Brian McAllister,DF,24.0,,,,,,,,,,,Wimbledon,0.0,0.0,,0,0.0,0.0,51,2.0,0.0,0.0,0.0,0.0,2,0,0.0,0,101,,0,0.0,1995
445,,,,,nl,Marco Boogers,FW,28.0,,,,,,,,,,,West Ham United,0.0,0.0,,0,0.0,0.0,25,0.0,4.0,0.9,1.8,0.0,4,0,1.0,0,100,,2,0.0,1995
446,,,,,eng,Andy Campbell,FW,16.0,,,,,,,,,,,Middlesbrough,0.0,0.0,,0,0.0,0.0,49,1.0,1.0,0.0,0.0,0.0,2,0,0.0,0,98,,0,0.0,1995
447,,,,,eng,Rob Bowman,FW,19.0,,,,,,,,,,,Leeds United,0.0,0.0,,0,0.0,0.0,33,1.0,2.0,0.0,0.0,0.0,3,0,0.0,0,98,,0,0.0,1995
448,,,,,nir,Kingsley Black,MF,27.0,,,,,,,,,,,Nottingham Forest,0.0,0.0,,0,0.0,0.0,48,1.0,1.0,0.0,0.0,0.0,2,0,0.0,0,95,,0,0.0,1995
449,,,,,eng,Chris Whyte,DF,33.0,,,,,,,,,,,Coventry City,0.0,0.0,,0,0.0,0.0,90,1.0,0.0,0.0,0.0,0.0,1,0,0.0,0,90,,0,0.0,1995
450,,,,,eng,Gavin McGowan,"MF,DF",19.0,,,,,,,,,,,Arsenal,0.0,0.0,,0,0.0,0.0,90,1.0,0.0,0.0,0.0,0.0,1,0,0.0,0,90,,0,0.0,1995
451,,,,,eng,Matty Holmes,MF,25.0,,,,,,,,,,,Blackburn Rovers,0.0,2.0,,1,2.0,1.0,10,8.0,1.0,0.0,7.0,1.0,9,0,0.0,1,90,,7,0.0,1995
452,,,,,wal,Malcolm Allen,FW,28.0,,,,,,,,,,,Newcastle United,0.0,2.07,,1,2.07,1.03,29,1.0,2.0,1.03,2.07,1.03,3,1,0.0,1,87,,2,0.0,1995
453,,,,,bb,Gregory Goodridge,"DF,MF",24.0,,,,,,,,,,,Queens Park Rangers,0.0,1.14,,1,1.14,1.14,11,1.0,6.0,1.14,2.28,1.14,7,1,0.0,0,79,,2,0.0,1995
454,,,,,eng,Kevin Scott,DF,28.0,,,,,,,,,,,Tottenham Hotspur,0.0,1.15,,0,1.15,0.0,39,0.0,2.0,0.0,0.0,0.0,2,0,0.0,1,78,,0,0.0,1995
455,,,,,eng,Sam Aiston,MF,18.0,,,,,,,,,,,Aston Villa,0.0,0.0,,0,0.0,0.0,25,0.0,3.0,0.0,1.22,0.0,3,0,0.0,0,74,,1,0.0,1995
456,,,,,eng,Neil Davis,FW,21.0,,,,,,,,,,,Aston Villa,0.0,0.0,,0,0.0,0.0,37,0.0,2.0,0.0,0.0,0.0,2,0,0.0,0,73,,0,0.0,1995
457,,,,,eng,Jamie Barnwell-Edinboro,FW,19.0,,,,,,,,,,,Coventry City,0.0,0.0,,0,0.0,0.0,72,0.0,1.0,0.0,0.0,0.0,1,0,0.0,0,72,,0,0.0,1995
458,,,,,eng,Steve Guinan,FW,19.0,,,,,,,,,,,Nottingham Forest,0.0,0.0,,0,0.0,0.0,36,1.0,1.0,0.0,1.25,0.0,2,0,0.0,0,72,,1,0.0,1995
459,,,,,eng,Stuart Barlow,FW,27.0,,,,,,,,,,,Everton,0.0,0.0,,0,0.0,0.0,19,0.0,3.0,0.0,1.61,0.0,3,0,0.0,0,56,,1,0.0,1995
460,,,,,eng,Gary Penrice,"FW,MF",31.0,,,,,,,,,,,Queens Park Rangers,0.0,0.0,,0,0.0,0.0,25,0.0,2.0,1.84,0.0,0.0,2,1,0.0,0,49,,0,0.0,1995
461,,,,,eng,Mark Atkins,"MF,DF",26.0,,,,,,,,,,,Blackburn Rovers,0.0,0.0,,0,0.0,0.0,11,0.0,4.0,2.0,2.0,0.0,4,0,1.0,0,45,,1,0.0,1995
462,,,,,eng,Paul Shaw,"MF,FW",21.0,,,,,,,,,,,Arsenal,0.0,0.0,,0,0.0,0.0,12,0.0,3.0,0.0,0.0,0.0,3,0,0.0,0,37,,0,0.0,1995
463,,,,,eng,Frank Lampard,MF,17.0,,,,,,,,,,,West Ham United,0.0,0.0,,0,0.0,0.0,15,0.0,2.0,0.0,0.0,0.0,2,0,0.0,0,30,,0,0.0,1995
464,,,,,eng,Gary Blissett,FW,31.0,,,,,,,,,,,Wimbledon,0.0,0.0,,0,0.0,0.0,7,0.0,4.0,0.0,3.1,0.0,4,0,0.0,0,29,,1,0.0,1995
465,,,,,eng,Iyseden Christie,FW,18.0,,,,,,,,,,,Coventry City,0.0,0.0,,0,0.0,0.0,27,1.0,0.0,0.0,0.0,0.0,1,0,0.0,0,27,,0,0.0,1995
466,,,,,eng,Mark Platts,MF,16.0,,,,,,,,,,,Sheffield Wednesday,0.0,0.0,,0,0.0,0.0,12,0.0,2.0,0.0,0.0,0.0,2,0,0.0,0,24,,0,0.0,1995
467,,,,,ch,Giuseppe Mazzarelli,DF,22.0,,,,,,,,,,,Manchester City,0.0,0.0,,0,0.0,0.0,11,0.0,2.0,0.0,0.0,0.0,2,0,0.0,0,22,,0,0.0,1995
468,,,,,sco,David Kerr,MF,20.0,,,,,,,,,,,Manchester City,0.0,0.0,,0,0.0,0.0,13,0.0,1.0,0.0,0.0,0.0,1,0,0.0,0,13,,0,0.0,1995
469,,,,,eng,Adrian Whitbread,DF,23.0,,,,,,,,,,,West Ham United,0.0,0.0,,0,0.0,0.0,4,0.0,2.0,0.0,0.0,0.0,2,0,0.0,0,7,,0,0.0,1995
